session_date,season_id,player_id,プレイヤー,リーグ,収支,bb_size,ハンド数,VPIP,VPIP_count,VPIP_hands,PFR,PFR_count,PFR_hands,3bet,3bet_count,3bet_hands,Fold to 3bet,Fold_to_3bet_count,Fold_to_3bet_hands,CB,CB_count,CB_hands,WTSD,WTSD_count,WTSD_hands,W$SD,W$SD_count,W$SD_hands
20260202,1,WeOKnoOueQ,hinano,C,-78.7,20,151,49.01,74,151,31.79,48,151,15.38,8,52,62.5,5,8,61.54,8,13,38.71,12,31,50.0,6,12
20260202,1,t7MdS6sSCT,satoru,C,+175.9,20,146,27.4,40,146,19.18,28,146,10.94,7,64,50.0,2,4,36.36,4,11,40.91,9,22,66.67,6,9
20260202,1,XaClitYV1x,らねおか,C,+24.95,20,138,30.43,42,138,19.57,27,138,8.62,5,58,66.67,6,9,14.29,1,7,33.33,5,15,80.0,4,5
20260202,1,3liBhfdN10,揚げもち,C,+165.5,20,135,30.37,41,135,24.44,33,135,12.0,6,50,66.67,2,3,46.15,6,13,60.0,12,20,75.0,9,12
20260202,1,y4bVPCJM4_,なかい,C,-47.15,20,132,16.67,22,132,9.85,13,132,1.64,1,61,50.0,3,6,50.0,1,2,9.09,1,11,100.0,1,1
20260202,1,O2b7zy1-XM,SetsunaTrip,C,+45.35,20,129,24.81,32,129,19.38,25,129,5.66,3,53,50.0,4,8,60.0,6,10,38.89,7,18,42.86,3,7
20260202,1,D0RgrTLvZk,Yu.,C,+0.5,20,127,29.92,38,127,22.83,29,127,10.91,6,55,100.0,8,8,40.0,4,10,47.06,8,17,75.0,6,8
20260202,1,vdNIJNJGUU,すとふぁ,C,+61.8,20,126,26.98,34,126,21.43,27,126,8.0,4,50,50.0,3,6,87.5,7,8,17.65,3,17,100.0,3,3
20260202,1,r1CBe6Qe79,なんでやねん,C,-53.25,20,124,35.48,44,124,25.81,32,124,14.89,7,47,57.14,4,7,28.57,2,7,25.0,4,16,25.0,1,4
20260202,1,MqZu0oArm3,小鳥遊ひいろ,C,+34.65,20,122,21.31,26,122,13.93,17,122,1.92,1,52,33.33,1,3,50.0,2,4,42.86,6,14,50.0,3,6
20260202,1,BZCdwuhpMU,実力の若林,C,+37.75,20,116,35.34,41,116,23.28,27,116,8.7,4,46,25.0,1,4,33.33,3,9,45.45,10,22,50.0,5,10
20260202,1,X2HiN5-cFQ,ゴン02（江戸犬）,C,-225.55,20,114,32.46,37,114,25.44,29,114,10.81,4,37,33.33,2,6,80.0,4,5,61.54,8,13,37.5,3,8
20260202,1,QBTw2JRIw5,Ramune,C,+86.3,20,114,27.19,31,114,19.3,22,114,6.67,3,45,66.67,4,6,50.0,3,6,33.33,4,12,75.0,3,4
20260202,1,OOnwSL9TFS,つだピもん,C,-25.85,20,113,27.43,31,113,15.04,17,113,9.3,4,43,100.0,3,3,100.0,1,1,44.44,4,9,25.0,1,4
20260202,1,EN9N_Z9A78,ぼくだよ,C,-13.65,20,112,28.57,32,112,20.54,23,112,10.87,5,46,50.0,2,4,63.64,7,11,22.22,4,18,75.0,3,4
20260202,1,j_3joKfzS9,takatony,C,-111.35,20,112,29.46,33,112,22.32,25,112,15.91,7,44,66.67,2,3,28.57,2,7,13.33,2,15,0.0,0,2
20260202,1,yokMVzYG_q,AontheRiver,C,+209.3,20,112,40.18,45,112,30.36,34,112,12.5,5,40,87.5,7,8,61.54,8,13,22.22,4,18,100.0,4,4
20260202,1,MI-fYAoFiY,ゆうま,C,-24.5,20,112,24.11,27,112,17.86,20,112,2.22,1,45,100.0,5,5,62.5,5,8,7.69,1,13,0.0,0,1
20260202,1,wE-EPOxf9q,宇宙１のたっちゃん,C,-448.75,20,110,43.64,48,110,24.55,27,110,16.28,7,43,42.86,3,7,46.15,6,13,37.5,12,32,33.33,4,12
20260202,1,GtqOGZOqIV,粗茶,C,-45.25,20,109,29.36,32,109,22.94,25,109,13.51,5,37,50.0,3,6,53.85,7,13,23.81,5,21,60.0,3,5
20260202,1,cS0TbNKfbn,Takatobi,C,+9.15,20,108,27.78,30,108,19.44,21,108,11.63,5,43,50.0,2,4,66.67,6,9,20.0,3,15,33.33,1,3
20260202,1,7htETinMJU,MAX,C,-4.3,20,105,16.19,17,105,12.38,13,105,13.21,7,53,0.0,0,1,25.0,1,4,12.5,1,8,100.0,1,1
20260202,1,hetGK5oIn4,yoh,C,-50.4,20,104,17.31,18,104,12.5,13,104,6.0,3,50,50.0,3,6,80.0,4,5,9.09,1,11,100.0,1,1
20260202,1,tOQgx5q4M5,こうちゃん,C,-126.05,20,103,20.39,21,103,18.45,19,103,8.51,4,47,40.0,2,5,72.73,8,11,28.57,4,14,25.0,1,4
20260202,1,3FatmzAl-m,Kuni,C,+52.6,20,103,36.89,38,103,23.3,24,103,19.57,9,46,0.0,0,0,77.78,7,9,36.36,8,22,50.0,4,8
20260202,1,zz83sIdu2k,りく,C,-22.05,20,102,48.04,49,102,35.29,36,102,22.73,10,44,40.0,2,5,66.67,10,15,27.59,8,29,37.5,3,8
20260202,1,g0yui9LXM4,utos,C,+115.95,20,101,43.56,44,101,30.69,31,101,13.16,5,38,60.0,3,5,81.82,9,11,25.0,5,20,20.0,1,5
20260202,1,6weTfFBYpF,ほたるいか,C,+57.25,20,97,28.87,28,97,19.59,19,97,14.63,6,41,25.0,1,4,75.0,3,4,18.18,2,11,50.0,1,2
20260202,1,tqB-r6hdq9,shunsuke11,C,-67.5,20,91,29.67,27,91,20.88,19,91,14.29,5,35,100.0,2,2,50.0,5,10,21.43,3,14,66.67,2,3
20260202,1,zFXBMUEx_N,わんわん,C,+104.5,20,91,36.26,33,91,24.18,22,91,8.0,2,25,75.0,3,4,57.14,4,7,46.15,6,13,66.67,4,6
20260202,1,A9xvP3DhlS,mega,C,-122.75,20,89,32.58,29,89,16.85,15,89,15.15,5,33,0.0,0,2,75.0,3,4,20.0,4,20,25.0,1,4
20260202,1,H_d68jYO9T,コロリ,C,+75.25,20,87,29.89,26,87,22.99,20,87,0.0,0,34,40.0,2,5,33.33,2,6,30.0,3,10,33.33,1,3
20260202,1,TOznNDIpCr,あい,C,-129,20,87,26.44,23,87,19.54,17,87,14.63,6,41,50.0,1,2,71.43,5,7,35.71,5,14,20.0,1,5
20260202,1,s_7Utr4tDi,それいゆ るな,C,+102.75,20,87,40.23,35,87,24.14,21,87,7.69,3,39,50.0,2,4,50.0,4,8,17.39,4,23,75.0,3,4
20260202,1,kVKTrcl3ld,Futa,C,+29.5,20,86,27.91,24,86,16.28,14,86,8.11,3,37,0.0,0,3,83.33,5,6,18.75,3,16,33.33,1,3
20260202,1,j2dIJuodA7,hanzo,C,+18.75,20,86,29.07,25,86,22.09,19,86,8.57,3,35,60.0,3,5,54.55,6,11,23.53,4,17,75.0,3,4
20260202,1,iBhJbKViQ_,おかピー,C,-7.9,20,85,42.35,36,85,30.59,26,85,8.82,3,34,60.0,3,5,100.0,8,8,41.18,7,17,28.57,2,7
20260202,1,YkRLv6Nf7r,27,C,+12.25,20,84,26.19,22,84,20.24,17,84,11.11,4,36,60.0,3,5,28.57,2,7,50.0,5,10,60.0,3,5
20260202,1,HZmCRZd6SG,Neku,C,+33.25,20,81,23.46,19,81,19.75,16,81,14.29,5,35,100.0,3,3,33.33,2,6,0.0,0,8,0.0,0,0
20260202,1,sYruTEJ8Uw,Mazzo,C,+54.8,20,81,34.57,28,81,19.75,16,81,13.79,4,29,0.0,0,1,71.43,5,7,17.65,3,17,100.0,3,3
20260202,1,DZezvMNAJy,Noram,C,+7.55,20,80,26.25,21,80,17.5,14,80,0.0,0,34,33.33,1,3,0.0,0,8,21.43,3,14,66.67,2,3
20260202,1,QK8nAFN9E2,カイン,C,-54.75,20,80,31.25,25,80,12.5,10,80,4.88,2,41,100.0,2,2,0.0,0,2,27.78,5,18,20.0,1,5
20260202,1,b7sgMo_M-5,konasho,C,+45.25,20,80,26.25,21,80,18.75,15,80,17.5,7,40,100.0,2,2,80.0,4,5,36.36,4,11,75.0,3,4
20260202,1,-zWKG5L3i7,-TOMO-,C,+3.65,20,79,43.04,34,79,32.91,26,79,24.0,6,25,33.33,1,3,12.5,1,8,43.75,7,16,42.86,3,7
20260202,1,byYrvu0Qdy,ElNino,C,+171.8,20,79,31.65,25,79,20.25,16,79,3.85,1,26,0.0,0,2,85.71,6,7,33.33,5,15,60.0,3,5
20260202,1,lQ2rbwu868,ケイン寿司,C,-137.8,20,79,21.52,17,79,10.13,8,79,2.86,1,35,0.0,0,1,0.0,0,3,0.0,0,11,0.0,0,0
20260202,1,26v7hSw7Sn,わた,C,+92.3,20,79,34.18,27,79,22.78,18,79,12.9,4,31,33.33,1,3,66.67,4,6,37.5,6,16,83.33,5,6
20260202,1,hig4fvwo_m,とーち,C,-22.25,20,79,27.85,22,79,20.25,16,79,9.38,3,32,0.0,0,1,87.5,7,8,28.57,4,14,25.0,1,4
20260202,1,cpr364TXsN,くま,C,+13.45,20,79,21.52,17,79,16.46,13,79,7.14,2,28,100.0,4,4,80.0,4,5,25.0,2,8,50.0,1,2
20260202,1,DrGOt1cq1y,Jongo,C,+24,20,79,32.91,26,79,25.32,20,79,6.9,2,29,80.0,4,5,40.0,2,5,33.33,3,9,66.67,2,3
20260202,1,9kBl9X8tEm,だいすけ,C,-34.35,20,78,28.21,22,78,17.95,14,78,3.7,1,27,33.33,1,3,0.0,0,2,9.09,1,11,100.0,1,1
20260202,1,g6iLEQsU67,makoh,C,-75.25,20,78,24.36,19,78,17.95,14,78,6.9,2,29,0.0,0,2,83.33,5,6,36.36,4,11,25.0,1,4
20260202,1,7x5MHOv7Oo,yutorse,C,-58.25,20,78,33.33,26,78,25.64,20,78,8.0,2,25,100.0,2,2,83.33,5,6,38.46,5,13,20.0,1,5
20260202,1,xOaP7PB88A,sokun777,C,+93.2,20,76,30.26,23,76,18.42,14,76,13.33,4,30,100.0,1,1,66.67,4,6,36.36,4,11,75.0,3,4
20260202,1,TkMT4agdsh,alfort,C,-86.25,20,75,21.33,16,75,16.0,12,75,6.9,2,29,0.0,0,0,77.78,7,9,18.18,2,11,50.0,1,2
20260202,1,Oc04ITRF7i,waho,C,-10.95,20,75,32.0,24,75,25.33,19,75,19.23,5,26,60.0,3,5,50.0,4,8,23.08,3,13,66.67,2,3
20260202,1,cSNEDiUvjX,nekosaki,C,+28.35,20,74,20.27,15,74,12.16,9,74,4.0,1,25,0.0,0,0,0.0,0,2,42.86,3,7,66.67,2,3
20260202,1,rhUBwDuHCf,konishi,C,+2.55,20,74,13.51,10,74,12.16,9,74,5.88,2,34,100.0,2,2,100.0,4,4,40.0,2,5,50.0,1,2
20260202,1,8IgjF6KI_P,tomo0428,C,+105.7,20,74,41.89,31,74,29.73,22,74,20.69,6,29,28.57,2,7,75.0,3,4,21.43,3,14,33.33,1,3
20260202,1,5v7PwEvIAz,Kay,C,+10.5,20,70,31.43,22,70,20.0,14,70,11.76,4,34,100.0,2,2,80.0,4,5,9.09,1,11,100.0,1,1
20260202,1,9W903vxPw_,そふとくりーむ,C,-75.05,20,69,30.43,21,69,24.64,17,69,6.9,2,29,50.0,2,4,75.0,3,4,37.5,3,8,66.67,2,3
20260202,1,ioqGYIb5SY,tomoyuki,C,+5.55,20,68,30.88,21,68,13.24,9,68,4.0,1,25,100.0,1,1,33.33,1,3,25.0,3,12,66.67,2,3
20260202,1,Kyu60mEERY,Sabosuke,C,-27,20,68,19.12,13,68,13.24,9,68,8.33,2,24,100.0,1,1,50.0,1,2,20.0,1,5,100.0,1,1
20260202,1,yEOnuJcBZo,Rabbit900,C,+22.7,20,67,28.36,19,67,20.9,14,67,7.41,2,27,0.0,0,3,42.86,3,7,45.45,5,11,60.0,3,5
20260202,1,nPiUhQEVMi,かいる,C,+33.65,20,67,28.36,19,67,16.42,11,67,10.0,3,30,0.0,0,3,25.0,1,4,33.33,4,12,50.0,2,4
20260202,1,FxzN600G3r,はせがえる,C,-20,20,66,50.0,33,66,34.85,23,66,21.74,5,23,50.0,1,2,62.5,5,8,25.0,4,16,50.0,2,4
20260202,1,Xa_1dhYEV4,Lemon,C,+18,20,66,13.64,9,66,6.06,4,66,0.0,0,30,66.67,2,3,0.0,0,0,16.67,1,6,100.0,1,1
20260202,1,Q0mo0HjOtt,Shingo,C,-1.7,20,65,24.62,16,65,15.38,10,65,3.57,1,28,100.0,2,2,66.67,2,3,41.67,5,12,60.0,3,5
20260202,1,wO4Vw2dQ8t,イナズマKすけ,C,-119.9,20,64,26.56,17,64,18.75,12,64,12.5,3,24,25.0,1,4,75.0,3,4,16.67,2,12,50.0,1,2
20260202,1,WABAdHmLRW,たりくまる,C,-83,20,63,49.21,31,63,25.4,16,63,4.55,1,22,0.0,0,2,55.56,5,9,39.13,9,23,33.33,3,9
20260202,1,0QyEE5Hc9o,常盤木いつき,C,+24.05,20,61,24.59,15,61,16.39,10,61,12.0,3,25,0.0,0,3,25.0,1,4,75.0,9,12,55.56,5,9
20260202,1,6ybXdApWzf,icchi,C,-3.85,20,57,36.84,21,57,24.56,14,57,20.83,5,24,100.0,3,3,50.0,2,4,36.36,4,11,75.0,3,4
20260202,1,gG60J3OV2j,Hibari,C,+3,20,51,37.25,19,51,19.61,10,51,19.05,4,21,0.0,0,1,25.0,1,4,14.29,1,7,0.0,0,1
20260202,1,vVo9VdBVBm,するたん,C,-20.85,20,50,24.0,12,50,18.0,9,50,15.0,3,20,0.0,0,0,66.67,2,3,75.0,3,4,0.0,0,3
20260202,1,uNHIhLxU5W,ゆっきーな,C,+293.35,20,49,34.69,17,49,22.45,11,49,11.76,2,17,0.0,0,1,0.0,0,4,33.33,3,9,100.0,3,3
20260202,1,7n59-giX1P,るも,C,-31,20,49,36.73,18,49,30.61,15,49,21.05,4,19,50.0,1,2,57.14,4,7,20.0,2,10,100.0,2,2
20260202,1,stzdogxFRA,ミナっち,C,-16.4,20,48,35.42,17,48,22.92,11,48,16.67,3,18,0.0,0,1,100.0,3,3,40.0,4,10,25.0,1,4
20260202,1,WjqaCs8A5o,ばどえあー,C,+20.9,20,47,21.28,10,47,12.77,6,47,5.56,1,18,0.0,0,0,33.33,1,3,40.0,2,5,50.0,1,2
20260202,1,m6qcHTxJhX,siruneko,C,+14.75,20,44,15.91,7,44,15.91,7,44,10.53,2,19,50.0,1,2,100.0,3,3,0.0,0,4,0.0,0,0
20260202,1,_EAr7O2lyX,たろす,C,+8.15,20,41,19.51,8,41,14.63,6,41,5.56,1,18,0.0,0,1,33.33,1,3,33.33,2,6,100.0,2,2
20260202,1,2GlUDrVHSg,k.k,C,-22.85,20,40,55.0,22,40,30.0,12,40,13.33,2,15,66.67,2,3,50.0,2,4,50.0,6,12,16.67,1,6
20260202,1,SrJdWlcNBY,RYOTA,C,-5.95,20,40,32.5,13,40,22.5,9,40,23.08,3,13,100.0,1,1,50.0,2,4,57.14,4,7,50.0,2,4
20260202,1,Yg9-tEe5QH,cymx2724,C,-4.1,20,40,30.0,12,40,20.0,8,40,0.0,0,10,50.0,1,2,66.67,2,3,60.0,3,5,33.33,1,3
20260202,1,MCmjCniXJd,dismal,C,-46.85,20,40,45.0,18,40,20.0,8,40,6.67,1,15,0.0,0,3,100.0,1,1,33.33,3,9,66.67,2,3
20260202,1,0vKy_AgCXx,tknsn,C,+34.75,20,40,50.0,20,40,35.0,14,40,16.67,3,18,50.0,1,2,50.0,1,2,28.57,2,7,50.0,1,2
20260202,1,TVNlFwDOoe,KAWAUSO,C,-33.35,20,32,31.25,10,32,15.62,5,32,0.0,0,11,0.0,0,0,50.0,1,2,33.33,2,6,50.0,1,2
20260202,1,5bOqayAYt3,dny,C,-3,20,27,22.22,6,27,18.52,5,27,0.0,0,7,100.0,1,1,0.0,0,0,0.0,0,2,0.0,0,0
20260202,1,A-C0iUFfvO,塾長(びっとぶりっと),C,-74,20,27,29.63,8,27,18.52,5,27,0.0,0,9,100.0,1,1,66.67,2,3,16.67,1,6,100.0,1,1
20260202,1,SsAkQq2Oa9,やましー,C,-14.75,20,26,34.62,9,26,19.23,5,26,8.33,1,12,0.0,0,0,50.0,1,2,16.67,1,6,0.0,0,1
20260202,1,jfd6Uaakn8,ジョニー,C,+2,20,12,33.33,4,12,16.67,2,12,0.0,0,5,0.0,0,0,0.0,0,0,0.0,0,0,0.0,0,0
20260202,1,lYH850EfPw,no,C,-50.75,20,10,40.0,4,10,20.0,2,10,0.0,0,5,0.0,0,0,100.0,1,1,33.33,1,3,0.0,0,1
20260202,1,yHZrsG6l5j,sigma,C,+152,20,9,33.33,3,9,22.22,2,9,25.0,1,4,100.0,1,1,0.0,0,0,100.0,2,2,100.0,2,2
20260202,1,lRMrY2rxFn,MSK,C,0,20,2,0.0,0,2,0.0,0,2,0.0,0,0,0.0,0,0,0.0,0,0,0.0,0,0,0.0,0,0
20260202,1,5ogXjv4ef9,ラスカル,C,-1,20,1,0.0,0,1,0.0,0,1,0.0,0,1,0.0,0,0,0.0,0,0,0.0,0,0,0.0,0,0
20260202,1,WtIP2AbI23,ノガード,C,0,20,1,0.0,0,1,0.0,0,1,0.0,0,0,0.0,0,0,0.0,0,0,0.0,0,0,0.0,0,0
20260209,1,iKNrGrbUkg,UMAUMA,C,-139.9,20,437,27.69,121,437,17.16,75,437,7.06,12,170,80.0,8,10,48.15,13,27,28.07,16,57,43.75,7,16
20260209,1,vdNIJNJGUU,すとふぁ,C,-26.3,20,408,26.72,109,408,18.87,77,408,5.13,8,156,66.67,12,18,60.87,14,23,28.57,14,49,57.14,8,14
20260209,1,j_3joKfzS9,takatony,C,+340.3,20,406,22.17,90,406,13.79,56,406,5.23,9,172,45.45,5,11,71.43,15,21,28.57,14,49,78.57,11,14
20260209,1,hetGK5oIn4,yoh,C,-225.05,20,395,44.81,177,395,11.65,46,395,12.12,8,66,44.44,4,9,39.13,9,23,30.77,12,39,41.67,5,12
20260209,1,tqB-r6hdq9,shunsuke11,C,+150,20,386,25.39,98,386,18.65,72,386,7.88,13,165,58.33,7,12,48.0,12,25,37.04,20,54,65.0,13,20
20260209,1,r1CBe6Qe79,なんでやねん,C,+55.15,20,367,29.97,110,367,20.98,77,367,11.95,19,159,52.38,11,21,60.0,15,25,44.83,26,58,57.69,15,26
20260209,1,Yg9-tEe5QH,cymx2724,C,+247.2,20,354,43.5,154,354,11.3,40,354,10.0,7,70,37.5,3,8,44.44,8,18,35.71,15,42,46.67,7,15
20260209,1,3liBhfdN10,揚げもち,C,-37,20,333,26.43,88,333,19.52,65,333,8.0,10,125,75.0,9,12,44.44,8,18,26.83,11,41,81.82,9,11
20260209,1,X2HiN5-cFQ,ゴン02（江戸犬）,C,+135.75,20,328,26.22,86,328,17.99,59,328,11.43,16,140,44.44,4,9,42.31,11,26,38.0,19,50,57.89,11,19
20260209,1,yokMVzYG_q,AontheRiver,C,+322.45,20,317,35.65,113,317,28.71,91,317,15.27,20,131,66.67,14,21,52.5,21,40,22.58,14,62,64.29,9,14
20260209,1,4_RBXVU9-k,翔斗,C,-186.15,20,308,24.68,76,308,18.18,56,308,4.13,5,121,70.0,7,10,40.91,9,22,35.9,14,39,35.71,5,14
20260209,1,Oc04ITRF7i,waho,C,+51.65,20,287,23.69,68,287,18.47,53,287,9.09,11,121,66.67,4,6,50.0,13,26,41.67,15,36,73.33,11,15
20260209,1,Xa_1dhYEV4,Lemon,C,+64.85,20,283,28.27,80,283,15.55,44,283,8.4,10,119,80.0,4,5,55.56,10,18,29.41,15,51,60.0,9,15
20260209,1,k5rEzFp2MR,arash!,C,-196.85,20,269,30.11,81,269,21.56,58,269,12.5,15,120,33.33,4,12,40.91,9,22,27.27,12,44,58.33,7,12
20260209,1,WeOKnoOueQ,HINANO,C,+162.85,20,257,31.91,82,257,25.68,66,257,15.38,14,91,61.54,8,13,77.78,21,27,30.23,13,43,69.23,9,13
20260209,1,3FatmzAl-m,Kuni,C,-237.25,20,254,41.73,106,254,25.98,66,254,15.04,17,113,43.75,7,16,73.33,11,15,35.59,21,59,33.33,7,21
20260209,1,MI-fYAoFiY,ゆうま,C,-48.5,20,236,25.0,59,236,16.1,38,236,6.67,7,105,100.0,6,6,66.67,10,15,24.14,7,29,42.86,3,7
20260209,1,QBTw2JRIw5,Ramune,C,+147.6,20,233,24.03,56,233,16.31,38,233,11.46,11,96,33.33,3,9,41.67,5,12,34.48,10,29,40.0,4,10
20260209,1,yEOnuJcBZo,Rabbit900,C,+28.35,20,219,26.48,58,219,20.09,44,219,16.49,16,97,50.0,2,4,47.37,9,19,28.12,9,32,66.67,6,9
20260209,1,W_OnerqyAy,naruko,C,-366.45,20,213,55.87,119,213,36.15,77,213,16.05,13,81,36.84,7,19,55.0,11,20,31.75,20,63,30.0,6,20
20260209,1,YkRLv6Nf7r,27,C,+129.35,20,207,25.6,53,207,19.32,40,207,10.47,9,86,85.71,6,7,47.06,8,17,24.0,6,25,66.67,4,6
20260209,1,cCFXQyltQ-,engawa,C,-55.65,20,190,29.47,56,190,17.89,34,190,7.95,7,88,30.0,3,10,57.14,8,14,31.58,12,38,16.67,2,12
20260209,1,XqrTiXnRSu,APO,C,+133.15,20,189,45.5,86,189,17.46,33,189,9.68,6,62,37.5,3,8,66.67,10,15,41.3,19,46,78.95,15,19
20260209,1,j2dIJuodA7,hanzo,C,+211.75,20,181,33.15,60,181,23.2,42,181,10.47,9,86,58.33,7,12,50.0,9,18,18.42,7,38,57.14,4,7
20260209,1,6weTfFBYpF,ほたるいか,C,-56.1,20,178,25.84,46,178,17.42,31,178,12.66,10,79,0.0,0,6,45.45,5,11,28.57,8,28,62.5,5,8
20260209,1,sYruTEJ8Uw,Mazzo,C,-248.05,20,177,30.51,54,177,20.34,36,177,16.88,13,77,25.0,1,4,83.33,10,12,31.03,9,29,44.44,4,9
20260209,1,DZezvMNAJy,Noram,C,-172.75,20,172,23.84,41,172,18.6,32,172,10.13,8,79,37.5,3,8,60.0,6,10,33.33,7,21,42.86,3,7
20260209,1,DrGOt1cq1y,Jongo,C,-75.6,20,170,24.71,42,170,20.0,34,170,12.66,10,79,75.0,3,4,61.54,8,13,15.0,3,20,33.33,1,3
20260209,1,wO4Vw2dQ8t,イナズマKすけ,C,-121.1,20,168,27.38,46,168,20.24,34,168,11.43,8,70,60.0,3,5,61.11,11,18,31.03,9,29,55.56,5,9
20260209,1,byYrvu0Qdy,ElNino,C,+152.1,20,164,40.24,66,164,25.61,42,164,13.11,8,61,83.33,5,6,82.35,14,17,34.29,12,35,58.33,7,12
20260209,1,fyjEJaUFUd,をにぎり,C,+57.8,20,158,39.87,63,158,25.32,40,158,14.67,11,75,50.0,2,4,64.71,11,17,28.95,11,38,36.36,4,11
20260209,1,yHZrsG6l5j,sigma,C,-64.8,20,158,29.75,47,158,17.72,28,158,3.08,2,65,62.5,5,8,40.0,4,10,50.0,13,26,46.15,6,13
20260209,1,DXrWVNkdav,TNT,C,+91.35,20,154,50.0,77,154,30.52,47,154,16.67,10,60,71.43,5,7,61.11,11,18,34.04,16,47,50.0,8,16
20260209,1,xOaP7PB88A,sokun777,C,-92.4,20,153,30.07,46,153,19.61,30,153,3.17,2,63,40.0,2,5,50.0,5,10,17.39,4,23,25.0,1,4
20260209,1,O2b7zy1-XM,SetsunaTrip,C,+94.3,20,153,29.41,45,153,19.61,30,153,12.31,8,65,83.33,5,6,41.67,5,12,45.83,11,24,63.64,7,11
20260209,1,Oo-rx1G24B,GIL RAIM,C,+168.1,20,152,43.42,66,152,26.32,40,152,12.7,8,63,42.86,3,7,73.33,11,15,26.19,11,42,36.36,4,11
20260209,1,nPiUhQEVMi,かいる,C,+3.65,20,142,25.35,36,142,19.72,28,142,13.73,7,51,100.0,6,6,46.67,7,15,36.36,8,22,75.0,6,8
20260209,1,TkMT4agdsh,alfort,C,-100.3,20,140,19.29,27,140,12.86,18,140,7.35,5,68,50.0,3,6,37.5,3,8,41.18,7,17,28.57,2,7
20260209,1,MCmjCniXJd,dismal,C,+29.45,20,139,30.94,43,139,17.27,24,139,5.26,3,57,100.0,2,2,86.67,13,15,34.38,11,32,36.36,4,11
20260209,1,8IgjF6KI_P,tomo0428,C,-213,20,137,33.58,46,137,23.36,32,137,14.52,9,62,20.0,1,5,64.29,9,14,24.0,6,25,50.0,3,6
20260209,1,26v7hSw7Sn,わた,C,+108.9,20,137,45.26,62,137,29.93,41,137,19.3,11,57,60.0,6,10,62.5,10,16,42.11,16,38,56.25,9,16
20260209,1,SrJdWlcNBY,RYOTA,C,-75.35,20,135,26.67,36,135,16.3,22,135,7.69,4,52,100.0,5,5,77.78,7,9,11.76,2,17,50.0,1,2
20260209,1,0QyEE5Hc9o,常盤木いつき,C,-1.05,20,134,30.6,41,134,23.88,32,134,8.62,5,58,85.71,6,7,50.0,5,10,10.53,2,19,0.0,0,2
20260209,1,XaClitYV1x,らねおか,C,+35.85,20,133,25.56,34,133,15.04,20,133,3.64,2,55,66.67,2,3,37.5,3,8,33.33,7,21,85.71,6,7
20260209,1,cS0TbNKfbn,Takatobi,C,+26.8,20,130,40.0,52,130,30.77,40,130,16.28,7,43,38.46,5,13,35.71,5,14,44.83,13,29,38.46,5,13
20260209,1,6DX7hOo5Ri,てつ,C,-53.3,20,126,42.06,53,126,28.57,36,126,18.37,9,49,57.14,4,7,75.0,12,16,42.86,12,28,50.0,6,12
20260209,1,hig4fvwo_m,とーち,C,-211.3,20,123,26.02,32,123,21.14,26,123,5.56,3,54,40.0,2,5,100.0,9,9,40.0,8,20,50.0,4,8
20260209,1,nxKtWVcmeY,北ふくろー,C,-10.7,20,121,36.36,44,121,16.53,20,121,0.0,0,49,75.0,3,4,63.64,7,11,25.93,7,27,57.14,4,7
20260209,1,7htETinMJU,MAX,C,+53.65,20,120,19.17,23,120,15.0,18,120,8.93,5,56,75.0,3,4,30.0,3,10,31.25,5,16,80.0,4,5
20260209,1,cpr364TXsN,くま,C,-20.35,20,119,21.85,26,119,15.13,18,119,7.84,4,51,40.0,2,5,75.0,3,4,33.33,4,12,25.0,1,4
20260209,1,vVo9VdBVBm,するたん,C,+22.85,20,115,31.3,36,115,26.96,31,115,12.5,6,48,75.0,6,8,12.5,1,8,21.43,3,14,100.0,3,3
20260209,1,nBDoNSY8n2,MIU,C,+37.4,20,113,27.43,31,113,20.35,23,113,8.89,4,45,0.0,0,0,33.33,3,9,58.82,10,17,80.0,8,10
20260209,1,0vKy_AgCXx,tknsn,C,+55.9,20,109,25.69,28,109,18.35,20,109,6.98,3,43,66.67,2,3,40.0,4,10,5.88,1,17,0.0,0,1
20260209,1,b7sgMo_M-5,konasho,C,+100.4,20,107,23.36,25,107,19.63,21,107,12.2,5,41,50.0,3,6,100.0,8,8,50.0,6,12,66.67,4,6
20260209,1,EhpMamj_1G,kyntama,C,+140,20,105,25.71,27,105,20.95,22,105,9.52,4,42,80.0,4,5,57.14,4,7,18.18,2,11,100.0,2,2
20260209,1,upQSzf-M-C,TOMO(),C,+16.6,20,104,28.85,30,104,21.15,22,104,7.69,3,39,100.0,2,2,37.5,3,8,14.29,2,14,50.0,1,2
20260209,1,WjqaCs8A5o,ばどえあー,C,+20.45,20,102,23.53,24,102,13.73,14,102,6.0,3,50,66.67,2,3,50.0,2,4,50.0,6,12,50.0,3,6
20260209,1,H_d68jYO9T,コロリ,C,0,20,95,32.63,31,95,23.16,22,95,11.11,4,36,75.0,3,4,42.86,3,7,23.53,4,17,50.0,2,4
20260209,1,SQgoIV_H58,けーたさん,C,-3,20,93,22.58,21,93,13.98,13,93,8.11,3,37,0.0,0,0,75.0,6,8,15.38,2,13,50.0,1,2
20260209,1,9kBl9X8tEm,だいすけ,C,-156,20,93,22.58,21,93,12.9,12,93,5.0,2,40,0.0,0,1,75.0,3,4,57.14,8,14,0.0,0,8
20260209,1,SztbQ-wHxN,日経平均終値,C,+61.5,20,90,35.56,32,90,21.11,19,90,9.38,3,32,57.14,4,7,33.33,3,9,14.29,3,21,100.0,3,3
20260209,1,7n59-giX1P,るも,C,-25.05,20,87,21.84,19,87,19.54,17,87,16.22,6,37,0.0,0,3,50.0,5,10,16.67,2,12,50.0,1,2
20260209,1,TVNlFwDOoe,KAWAUSO,C,-63.1,20,87,34.48,30,87,26.44,23,87,16.13,5,31,33.33,2,6,81.82,9,11,40.0,8,20,50.0,4,8
20260209,1,6EXZrOgNuV,ふじ,C,-44.35,20,86,16.28,14,86,10.47,9,86,10.53,4,38,0.0,0,1,40.0,2,5,27.27,3,11,33.33,1,3
20260209,1,QwyEWJtSb1,ElvinSmith,C,+13.45,20,82,35.37,29,82,28.05,23,82,20.0,6,30,66.67,4,6,60.0,6,10,53.33,8,15,50.0,4,8
20260209,1,m6qcHTxJhX,siruneko,C,+175.9,20,80,27.5,22,80,18.75,15,80,6.9,2,29,60.0,3,5,75.0,3,4,18.18,2,11,100.0,2,2
20260209,1,I42BI18xq3,zozozo,C,+282.65,20,78,35.9,28,78,17.95,14,78,9.38,3,32,20.0,1,5,33.33,1,3,30.0,6,20,83.33,5,6
20260209,1,BZCdwuhpMU,実力の若林,C,+24.1,20,75,40.0,30,75,20.0,15,75,11.11,3,27,100.0,3,3,100.0,4,4,42.86,6,14,50.0,3,6
20260209,1,16f983i6Dk,なゆき,C,-119.75,20,72,48.61,35,72,27.78,20,72,13.33,4,30,0.0,0,2,66.67,6,9,24.0,6,25,33.33,2,6
20260209,1,4kHSZklLpK,teish,C,-9.65,20,71,19.72,14,71,15.49,11,71,17.39,4,23,0.0,0,2,66.67,2,3,20.0,1,5,0.0,0,1
20260209,1,UHNPbgw1ue,okbokujo,C,-137.95,20,70,28.57,20,70,15.71,11,70,4.0,1,25,50.0,1,2,40.0,2,5,38.46,5,13,40.0,2,5
20260209,1,yOGROR9-hE,ワイエム,C,+21.2,20,64,32.81,21,64,10.94,7,64,4.17,1,24,50.0,1,2,0.0,0,5,31.58,6,19,83.33,5,6
20260209,1,QK8nAFN9E2,カイン,C,-46.5,20,61,31.15,19,61,14.75,9,61,4.17,1,24,66.67,2,3,0.0,0,0,14.29,1,7,0.0,0,1
20260209,1,kVKTrcl3ld,Futa,C,+10.75,20,61,22.95,14,61,13.11,8,61,5.0,1,20,0.0,0,1,25.0,1,4,50.0,4,8,50.0,2,4
20260209,1,-WgKDrZMvL,mo',C,+56.25,20,57,15.79,9,57,12.28,7,57,12.5,3,24,0.0,0,1,50.0,1,2,25.0,1,4,100.0,1,1
20260209,1,mXg0a8r7as,Fuku,C,-194.1,20,54,31.48,17,54,20.37,11,54,16.0,4,25,33.33,1,3,100.0,4,4,30.0,3,10,33.33,1,3
20260209,1,NTr_pi-AHh,BJshin,C,-190.4,20,53,64.15,34,53,41.51,22,53,25.0,4,16,33.33,1,3,75.0,3,4,28.57,4,14,25.0,1,4
20260209,1,EN9N_Z9A78,ぼくだよ,C,-92.5,20,52,25.0,13,52,19.23,10,52,12.0,3,25,50.0,2,4,50.0,1,2,33.33,2,6,0.0,0,2
20260209,1,HZmCRZd6SG,Neku,C,-8,20,50,30.0,15,50,18.0,9,50,16.0,4,25,100.0,1,1,0.0,0,1,16.67,1,6,100.0,1,1
20260209,1,iBhJbKViQ_,おかピー,C,-6.3,20,49,40.82,20,49,32.65,16,49,5.26,1,19,60.0,3,5,57.14,4,7,36.36,4,11,50.0,2,4
20260209,1,SsAkQq2Oa9,やましー,C,-18.65,20,43,25.58,11,43,13.95,6,43,0.0,0,16,50.0,2,4,50.0,1,2,33.33,2,6,0.0,0,2
20260209,1,bdhmMIP7G-,ごろうさん,C,+110.5,20,43,51.16,22,43,41.86,18,43,40.0,8,20,50.0,1,2,85.71,6,7,42.86,6,14,50.0,3,6
20260209,1,n0s1KAOIRL,ころり,C,+67.7,20,42,52.38,22,42,30.95,13,42,21.05,4,19,33.33,1,3,66.67,4,6,43.75,7,16,57.14,4,7
20260209,1,_1mfZ1y-M8,あーる,C,-1.4,20,42,45.24,19,42,28.57,12,42,6.67,1,15,0.0,0,2,66.67,2,3,11.11,1,9,0.0,0,1
20260209,1,7M6m0QCn4d,zawazawa,C,+4.35,20,38,23.68,9,38,21.05,8,38,12.5,3,24,0.0,0,0,60.0,3,5,42.86,3,7,100.0,3,3
20260209,1,s_7Utr4tDi,それいゆ るな,C,-32.5,20,28,57.14,16,28,35.71,10,28,9.09,1,11,0.0,0,2,66.67,2,3,20.0,2,10,50.0,1,2
20260209,1,WtIP2AbI23,ノガード,C,+62.25,20,23,34.78,8,23,30.43,7,23,15.38,2,13,50.0,1,2,50.0,1,2,0.0,0,4,0.0,0,0
20260209,1,5E5VYl6oOU,ねくと,C,-39.05,20,21,38.1,8,21,23.81,5,21,12.5,1,8,100.0,1,1,33.33,1,3,40.0,2,5,0.0,0,2
20260209,1,JL0yn4eBi6,ヤステ,C,-31.5,20,19,15.79,3,19,10.53,2,19,0.0,0,9,100.0,1,1,0.0,0,0,50.0,1,2,0.0,0,1
20260209,1,sDxsghMy-B,kyntma,C,0,20,1,0.0,0,1,0.0,0,1,0.0,0,0,0.0,0,0,0.0,0,0,0.0,0,0,0.0,0,0
20260216,1,WeOKnoOueQ,HINANO,C,+379.3,20,575,39.48,227,575,31.48,181,575,15.81,37,234,64.52,20,31,59.46,44,74,35.4,40,113,47.5,19,40
20260216,1,4kHSZklLpK,teish,C,-148.75,20,536,28.54,153,536,20.34,109,536,10.34,24,232,61.54,16,26,50.0,21,42,25.0,19,76,52.63,10,19
20260216,1,tqB-r6hdq9,shunsuke11,C,+84.2,20,482,28.01,135,482,19.5,94,482,11.17,23,206,68.75,11,16,46.43,13,28,37.5,21,56,57.14,12,21
20260216,1,r1CBe6Qe79,なんでやねん,C,+46.45,20,477,27.25,130,477,19.71,94,477,8.5,17,200,70.59,12,17,34.48,10,29,39.68,25,63,52.0,13,25
20260216,1,j_3joKfzS9,takatony,C,-76.8,20,467,29.76,139,467,22.06,103,467,10.44,19,182,70.37,19,27,51.35,19,37,21.92,16,73,62.5,10,16
20260216,1,4_RBXVU9-k,翔斗,C,-87.85,20,463,20.3,94,463,15.55,72,463,7.48,16,214,50.0,10,20,56.52,13,23,27.45,14,51,85.71,12,14
20260216,1,vdNIJNJGUU,すとふぁ,C,+27.6,20,463,28.51,132,463,20.52,95,463,7.39,15,203,53.33,8,15,62.5,25,40,31.08,23,74,56.52,13,23
20260216,1,QBTw2JRIw5,Ramune,C,+122,20,418,24.88,104,418,17.22,72,418,9.04,15,166,47.06,8,17,75.0,18,24,32.08,17,53,58.82,10,17
20260216,1,3liBhfdN10,揚げもち,C,-187.75,20,415,23.37,97,415,16.87,70,415,10.23,18,176,50.0,8,16,42.86,9,21,17.02,8,47,62.5,5,8
20260216,1,X2HiN5-cFQ,ゴン02（江戸犬）,C,+355.55,20,382,34.29,131,382,22.25,85,382,8.97,14,156,83.33,15,18,54.55,18,33,44.29,31,70,64.52,20,31
20260216,1,Oc04ITRF7i,waho,C,-197.95,20,376,24.2,91,376,17.82,67,376,4.49,7,156,50.0,4,8,32.0,8,25,42.55,20,47,40.0,8,20
20260216,1,cCFXQyltQ-,engawa,C,-80.05,20,372,27.15,101,372,15.05,56,372,5.44,8,147,41.67,5,12,59.09,13,22,32.84,22,67,63.64,14,22
20260216,1,s_7Utr4tDi,それいゆ るな,C,-192.9,20,364,29.12,106,364,15.11,55,364,6.1,10,164,36.36,4,11,41.67,10,24,39.19,29,74,48.28,14,29
20260216,1,D0RgrTLvZk,Yu.,C,+31.25,20,360,23.06,83,360,17.22,62,360,8.55,13,152,71.43,10,14,39.29,11,28,46.51,20,43,65.0,13,20
20260216,1,SztbQ-wHxN,日経平均終値,C,+89,20,340,32.35,110,340,19.41,66,340,7.3,10,137,78.57,11,14,58.62,17,29,26.15,17,65,41.18,7,17
20260216,1,yEOnuJcBZo,Rabbit900,C,+8.45,20,327,29.66,97,327,21.71,71,327,11.72,15,128,61.54,8,13,43.75,7,16,30.0,12,40,58.33,7,12
20260216,1,k5rEzFp2MR,arash!,C,+88.9,20,324,34.88,113,324,24.07,78,324,9.7,13,134,92.31,12,13,62.96,17,27,29.17,14,48,71.43,10,14
20260216,1,XaClitYV1x,らねおか,C,+130.8,20,305,27.87,85,305,20.66,63,305,12.14,17,140,80.0,8,10,56.52,13,23,31.11,14,45,78.57,11,14
20260216,1,YkRLv6Nf7r,27,C,-263.45,20,280,23.93,67,280,15.36,43,280,5.98,7,117,77.78,7,9,72.22,13,18,36.11,13,36,38.46,5,13
20260216,1,b7sgMo_M-5,konasho,C,+148.5,20,266,27.82,74,266,20.3,54,266,9.71,10,103,50.0,3,6,33.33,6,18,31.71,13,41,84.62,11,13
20260216,1,n0s1KAOIRL,ころり,C,+96.75,20,260,37.31,97,260,24.62,64,260,13.21,14,106,61.54,8,13,50.0,13,26,25.81,16,62,68.75,11,16
20260216,1,Xa_1dhYEV4,Lemon,C,+56.25,20,252,29.76,75,252,17.06,43,252,9.01,10,111,80.0,4,5,66.67,16,24,39.66,23,58,56.52,13,23
20260216,1,MCmjCniXJd,dismal,C,-213.15,20,248,39.52,98,248,25.81,64,248,15.69,16,102,55.56,5,9,91.67,22,24,18.87,10,53,40.0,4,10
20260216,1,3FatmzAl-m,Kuni,C,-253.2,20,241,60.58,146,241,31.95,77,241,13.13,13,99,20.0,3,15,80.0,24,30,33.33,32,96,34.38,11,32
20260216,1,stzdogxFRA,ミナっち,C,+46.8,20,208,28.37,59,208,19.23,40,208,11.9,10,84,37.5,3,8,50.0,8,16,48.57,17,35,76.47,13,17
20260216,1,j2dIJuodA7,hanzo,C,-7.9,20,205,30.24,62,205,20.49,42,205,10.67,8,75,75.0,3,4,50.0,8,16,21.88,7,32,14.29,1,7
20260216,1,g0yui9LXM4,utos,C,+2,20,197,32.49,64,197,22.34,44,197,6.85,5,73,37.5,3,8,33.33,3,9,14.29,3,21,33.33,1,3
20260216,1,6N30cpGlP_,Ene,C,+37.85,20,196,29.08,57,196,22.45,44,196,10.67,8,75,66.67,4,6,37.5,3,8,37.5,6,16,66.67,4,6
20260216,1,DZezvMNAJy,Noram,C,-35.85,20,194,31.96,62,194,25.26,49,194,9.09,7,77,40.0,4,10,62.5,15,24,34.15,14,41,57.14,8,14
20260216,1,O2b7zy1-XM,SetsunaTrip,C,+56,20,193,23.32,45,193,15.03,29,193,4.82,4,83,100.0,4,4,83.33,5,6,40.0,8,20,50.0,4,8
20260216,1,byYrvu0Qdy,ElNino,C,+239.25,20,182,40.11,73,182,24.18,44,182,15.0,12,80,60.0,3,5,61.54,8,13,40.0,16,40,56.25,9,16
20260216,1,TkMT4agdsh,alfort,C,+144.15,20,182,29.67,54,182,23.08,42,182,10.67,8,75,57.14,4,7,76.92,10,13,40.0,10,25,60.0,6,10
20260216,1,0QyEE5Hc9o,常盤木いつき,C,-124.9,20,181,25.41,46,181,18.23,33,181,8.75,7,80,85.71,6,7,41.67,5,12,18.18,4,22,50.0,2,4
20260216,1,nPiUhQEVMi,かいる,C,-23.4,20,181,24.86,45,181,15.47,28,181,5.56,4,72,85.71,6,7,42.86,3,7,27.27,6,22,66.67,4,6
20260216,1,DrGOt1cq1y,Jongo,C,0,20,178,25.28,45,178,18.54,33,178,10.29,7,68,60.0,6,10,33.33,3,9,57.14,12,21,33.33,4,12
20260216,1,hig4fvwo_m,とーち,C,+161.5,20,176,27.84,49,176,19.32,34,176,7.79,6,77,70.0,7,10,70.0,7,10,36.0,9,25,66.67,6,9
20260216,1,O1ujh7Dkxd,shunta,C,-43.4,20,174,26.44,46,174,17.82,31,174,7.69,6,78,33.33,2,6,50.0,5,10,12.9,4,31,0.0,0,4
20260216,1,zz83sIdu2k,りく,C,+125.6,20,171,52.05,89,171,42.11,72,171,25.76,17,66,66.67,6,9,60.98,25,41,22.03,13,59,53.85,7,13
20260216,1,nBDoNSY8n2,MIU,C,-238.7,20,170,34.71,59,170,20.59,35,170,7.81,5,64,40.0,2,5,50.0,7,14,42.86,15,35,33.33,5,15
20260216,1,nxKtWVcmeY,北ふくろー,C,-132.85,20,168,35.12,59,168,21.43,36,168,7.5,6,80,60.0,6,10,57.14,4,7,14.29,4,28,25.0,1,4
20260216,1,ZzPjBrJeSm,roi,C,+189.15,20,167,41.32,69,167,22.75,38,167,15.87,10,63,0.0,0,5,63.64,7,11,30.77,12,39,50.0,6,12
20260216,1,fyjEJaUFUd,をにぎり,C,-354.8,20,156,35.9,56,156,21.15,33,156,9.09,6,66,18.18,2,11,45.45,5,11,18.42,7,38,71.43,5,7
20260216,1,9W903vxPw_,そふとくりーむ,C,-28.25,20,150,30.0,45,150,15.33,23,150,5.17,3,58,66.67,4,6,66.67,2,3,38.89,7,18,28.57,2,7
20260216,1,m6qcHTxJhX,siruneko,C,+115,20,146,26.03,38,146,21.92,32,146,12.07,7,58,40.0,2,5,33.33,3,9,46.67,7,15,57.14,4,7
20260216,1,Bvxa5VV39S,piro,C,+78.55,20,143,23.08,33,143,17.48,25,143,9.68,6,62,66.67,2,3,45.45,5,11,29.41,5,17,40.0,2,5
20260216,1,rhUBwDuHCf,konishi,C,+141.8,20,135,17.78,24,135,11.11,15,135,5.56,3,54,0.0,0,1,66.67,4,6,46.15,6,13,33.33,2,6
20260216,1,Oo-rx1G24B,GIL RAIM,C,-293.35,20,134,38.81,52,134,23.88,32,134,10.77,7,65,28.57,2,7,61.54,8,13,33.33,11,33,45.45,5,11
20260216,1,XqrTiXnRSu,APO,C,+166.1,20,129,42.64,55,129,14.73,19,129,7.46,5,67,33.33,1,3,62.5,5,8,33.33,13,39,46.15,6,13
20260216,1,-QE9uKlHEU,kenyu,C,-89.95,20,122,27.87,34,122,19.67,24,122,3.85,2,52,50.0,1,2,66.67,4,6,40.0,6,15,83.33,5,6
20260216,1,vVo9VdBVBm,するたん,C,+133.6,20,112,31.25,35,112,23.21,26,112,10.2,5,49,50.0,3,6,60.0,6,10,33.33,6,18,50.0,3,6
20260216,1,Figi6mUf2R,Agu,C,+4.35,20,107,39.25,42,107,28.97,31,107,15.56,7,45,100.0,2,2,71.43,5,7,23.53,4,17,50.0,2,4
20260216,1,yOGROR9-hE,ワイエム,C,-166.85,20,106,48.11,51,106,13.21,14,106,0.0,0,46,20.0,1,5,50.0,1,2,37.5,15,40,66.67,10,15
20260216,1,WjqaCs8A5o,ばどえあー,C,+134.3,20,106,29.25,31,106,18.87,20,106,4.55,2,44,100.0,3,3,61.54,8,13,33.33,8,24,75.0,6,8
20260216,1,Yg9-tEe5QH,cymx2724,C,+6.95,20,102,23.53,24,102,17.65,18,102,6.67,3,45,100.0,4,4,50.0,2,4,50.0,5,10,40.0,2,5
20260216,1,DXrWVNkdav,TNT,C,-5.4,20,95,29.47,28,95,22.11,21,95,21.88,7,32,60.0,3,5,62.5,5,8,72.73,8,11,50.0,4,8
20260216,1,mXg0a8r7as,Fuku,C,+198.05,20,76,30.26,23,76,15.79,12,76,0.0,0,33,50.0,1,2,57.14,4,7,45.0,9,20,66.67,6,9
20260216,1,BZCdwuhpMU,実力の若林,C,+48.4,20,76,27.63,21,76,14.47,11,76,13.79,4,29,66.67,2,3,50.0,1,2,30.0,3,10,66.67,2,3
20260216,1,WtIP2AbI23,ノガード,C,-14.1,20,74,41.89,31,74,32.43,24,74,18.18,6,33,100.0,4,4,40.0,2,5,11.11,1,9,100.0,1,1
20260216,1,upQSzf-M-C,TOMO(),C,-2.4,20,73,15.07,11,73,12.33,9,73,11.43,4,35,100.0,3,3,25.0,1,4,40.0,2,5,100.0,2,2
20260216,1,wO4Vw2dQ8t,イナズマKすけ,C,-5.95,20,71,26.76,19,71,19.72,14,71,3.57,1,28,100.0,3,3,0.0,0,5,50.0,4,8,75.0,3,4
20260216,1,kVKTrcl3ld,Futa,C,+148.8,20,68,26.47,18,68,19.12,13,68,7.41,2,27,66.67,2,3,37.5,3,8,50.0,6,12,66.67,4,6
20260216,1,0vKy_AgCXx,tknsn,C,+15.65,20,65,26.15,17,65,16.92,11,65,4.55,1,22,50.0,1,2,80.0,4,5,27.27,3,11,66.67,2,3
20260216,1,FaQTC0bwNd,massan,C,+31.4,20,63,34.92,22,63,20.63,13,63,4.76,1,21,0.0,0,2,75.0,3,4,27.27,3,11,66.67,2,3
20260216,1,WCz-o4BU-5,dots,C,-77.45,20,61,49.18,30,61,32.79,20,61,14.81,4,27,75.0,3,4,60.0,3,5,26.67,4,15,25.0,1,4
20260216,1,9kBl9X8tEm,だいすけ,C,-135.75,20,51,25.49,13,51,15.69,8,51,10.53,2,19,0.0,0,0,25.0,1,4,37.5,3,8,0.0,0,3
20260216,1,I42BI18xq3,zozozo,C,+2.75,20,43,25.58,11,43,18.6,8,43,15.0,3,20,0.0,0,1,75.0,3,4,0.0,0,8,0.0,0,0
20260216,1,UHNPbgw1ue,okbokujo,C,-20.6,20,39,25.64,10,39,12.82,5,39,10.53,2,19,0.0,0,0,50.0,1,2,42.86,3,7,33.33,1,3
20260216,1,xS6UcJwLsG,Tommy,C,-150,20,23,56.52,13,23,21.74,5,23,7.69,1,13,0.0,0,1,33.33,1,3,36.36,4,11,50.0,2,4
20260216,1,FxzN600G3r,はせがえる,C,-142.6,20,12,66.67,8,12,50.0,6,12,50.0,3,6,0.0,0,2,100.0,2,2,42.86,3,7,66.67,2,3
20260223,1,yokMVzYG_q,AontheRiver,C,+482.25,20,735,32.65,240,735,24.22,178,735,8.99,25,278,62.5,35,56,41.18,28,68,38.02,46,121,56.52,26,46
20260223,1,yEOnuJcBZo,Rabbit900,C,+35.1,20,657,28.31,186,657,22.37,147,657,13.36,39,292,64.29,18,28,55.77,29,52,29.07,25,86,64.0,16,25
20260223,1,j_3joKfzS9,takatony,C,+496.8,20,597,20.77,124,597,16.08,96,597,5.14,11,214,56.25,18,32,59.09,13,22,28.3,15,53,73.33,11,15
20260223,1,WeOKnoOueQ,HINANO,C,+58.7,20,546,37.0,202,546,27.29,149,546,18.41,44,239,63.16,12,19,55.36,31,56,36.36,36,99,36.11,13,36
20260223,1,X2HiN5-cFQ,ゴン02（江戸犬）,C,-304.6,20,378,23.28,88,378,17.72,67,378,10.43,17,163,50.0,8,16,44.0,11,25,46.94,23,49,47.83,11,23
20260223,1,O2b7zy1-XM,SetsunaTrip,C,+25.45,20,338,29.59,100,338,22.19,75,338,7.64,11,144,73.68,14,19,37.5,9,24,34.04,16,47,81.25,13,16
20260223,1,O1ujh7Dkxd,shunta,C,+17.85,20,338,23.08,78,338,14.2,48,338,2.05,3,146,75.0,9,12,40.0,8,20,43.48,20,46,65.0,13,20
20260223,1,GtqOGZOqIV,粗茶,C,+3,20,297,25.25,75,297,18.86,56,297,11.63,15,129,42.86,3,7,50.0,11,22,27.78,10,36,60.0,6,10
20260223,1,_kLNausMBV,安室,C,+179.2,20,295,25.76,76,295,19.32,57,295,8.06,10,124,69.23,9,13,57.89,11,19,29.41,10,34,60.0,6,10
20260223,1,b7sgMo_M-5,konasho,C,-23.65,20,289,26.64,77,289,18.69,54,289,9.17,11,120,71.43,5,7,63.16,12,19,48.57,17,35,58.82,10,17
20260223,1,-WgKDrZMvL,mo',C,-102.8,20,288,27.43,79,288,20.83,60,288,8.11,9,111,88.89,8,9,30.43,7,23,25.64,10,39,40.0,4,10
20260223,1,TkMT4agdsh,alfort,C,-81.35,20,285,29.47,84,285,17.54,50,285,8.13,10,123,72.73,8,11,62.5,10,16,38.1,16,42,50.0,8,16
20260223,1,3liBhfdN10,揚げもち,C,+87.1,20,263,24.71,65,263,18.63,49,263,8.4,10,119,55.56,5,9,40.0,6,15,46.67,14,30,50.0,7,14
20260223,1,g0yui9LXM4,utos,C,+23.1,20,243,37.86,92,243,29.22,71,243,25.44,29,114,54.55,6,11,73.91,17,23,26.19,11,42,36.36,4,11
20260223,1,Q0mo0HjOtt,Shingo,C,+32.85,20,230,28.26,65,230,16.96,39,230,4.49,4,89,62.5,5,8,30.0,3,10,25.93,7,27,42.86,3,7
20260223,1,5v7PwEvIAz,Kay,C,+115.95,20,227,21.59,49,227,14.98,34,227,12.24,12,98,100.0,5,5,18.18,2,11,54.55,12,22,66.67,8,12
20260223,1,stzdogxFRA,ミナっち,C,+21.55,20,219,31.96,70,219,20.09,44,219,14.29,13,91,62.5,5,8,50.0,5,10,50.0,18,36,55.56,10,18
20260223,1,Oc04ITRF7i,waho,C,-64.25,20,219,20.55,45,219,12.79,28,219,4.55,4,88,40.0,2,5,88.89,8,9,26.32,5,19,40.0,2,5
20260223,1,0Se4rsLO6v,スーカンツ,C,+26.6,20,214,23.36,50,214,16.82,36,214,15.29,13,85,60.0,3,5,54.55,6,11,50.0,12,24,50.0,6,12
20260223,1,QBTw2JRIw5,Ramune,C,+23.55,20,210,28.57,60,210,22.38,47,210,12.5,10,80,55.56,5,9,36.84,7,19,40.0,12,30,41.67,5,12
20260223,1,k5rEzFp2MR,arash!,C,-83.35,20,201,32.34,65,201,23.88,48,201,13.89,10,72,80.0,4,5,87.5,14,16,20.69,6,29,33.33,2,6
20260223,1,Oo-rx1G24B,GIL RAIM,C,-94.05,20,196,40.82,80,196,21.94,43,196,8.11,6,74,36.36,4,11,55.56,5,9,38.3,18,47,22.22,4,18
20260223,1,MI-fYAoFiY,ゆうま,C,+149.6,20,186,26.34,49,186,17.74,33,186,6.94,5,72,100.0,3,3,45.45,5,11,30.0,6,20,83.33,5,6
20260223,1,s_7Utr4tDi,それいゆ るな,C,-156.45,20,180,33.89,61,180,16.67,30,180,8.33,6,72,25.0,1,4,57.14,4,7,34.15,14,41,50.0,7,14
20260223,1,n0s1KAOIRL,ころり,C,-114.15,20,177,30.51,54,177,16.95,30,177,4.29,3,70,57.14,4,7,53.33,8,15,13.89,5,36,60.0,3,5
20260223,1,upQSzf-M-C,TOMO(),C,+33.2,20,176,27.27,48,176,22.73,40,176,19.18,14,73,33.33,1,3,33.33,6,18,46.43,13,28,69.23,9,13
20260223,1,Yg9-tEe5QH,cymx2724,C,+28.25,20,175,26.29,46,175,16.57,29,175,8.11,6,74,66.67,4,6,45.45,5,11,26.92,7,26,57.14,4,7
20260223,1,DZezvMNAJy,Noram,C,+141.95,20,165,36.97,61,165,24.85,41,165,9.52,6,63,100.0,11,11,29.41,5,17,37.04,10,27,60.0,6,10
20260223,1,bqEtnO6wX9,つー,C,-60.6,20,156,30.77,48,156,20.51,32,156,5.56,3,54,50.0,5,10,75.0,3,4,35.0,7,20,28.57,2,7
20260223,1,byYrvu0Qdy,ElNino,C,-397.75,20,154,31.82,49,154,23.38,36,154,9.59,7,73,42.86,3,7,73.33,11,15,31.25,10,32,40.0,4,10
20260223,1,26v7hSw7Sn,わた,C,+19.35,20,144,48.61,70,144,24.31,35,144,9.09,6,66,28.57,2,7,41.67,5,12,25.0,12,48,50.0,6,12
20260223,1,WtIP2AbI23,ノガード,C,-62.95,20,138,39.86,55,138,29.71,41,138,14.55,8,55,81.82,9,11,60.0,6,10,31.82,7,22,42.86,3,7
20260223,1,EhpMamj_1G,kyntama,C,-32,20,137,28.47,39,137,21.17,29,137,5.56,3,54,50.0,3,6,30.0,3,10,45.0,9,20,33.33,3,9
20260223,1,m6qcHTxJhX,siruneko,C,+19.9,20,137,18.25,25,137,16.06,22,137,14.29,9,63,66.67,4,6,0.0,0,2,42.86,3,7,66.67,2,3
20260223,1,vdNIJNJGUU,すとふぁ,C,-53.1,20,131,26.72,35,131,19.08,25,131,6.0,3,50,80.0,4,5,83.33,10,12,23.81,5,21,60.0,3,5
20260223,1,rhUBwDuHCf,konishi,C,+170.7,20,123,27.64,34,123,22.76,28,123,15.56,7,45,33.33,2,6,50.0,4,8,50.0,7,14,85.71,6,7
20260223,1,WjqaCs8A5o,ばどえあー,C,+24,20,123,23.58,29,123,14.63,18,123,4.26,2,47,100.0,2,2,60.0,3,5,18.18,2,11,50.0,1,2
20260223,1,4GTkR8PieQ,takatobi,C,+43.6,20,120,29.17,35,120,20.0,24,120,13.64,6,44,75.0,3,4,38.46,5,13,40.91,9,22,66.67,6,9
20260223,1,mXg0a8r7as,Fuku,C,-212.5,20,119,35.29,42,119,23.53,28,119,13.04,6,46,75.0,3,4,60.0,6,10,22.73,5,22,60.0,3,5
20260223,1,HZmCRZd6SG,Neku,C,+10.3,20,116,25.0,29,116,13.79,16,116,1.82,1,55,75.0,3,4,16.67,1,6,21.43,3,14,100.0,3,3
20260223,1,-QE9uKlHEU,kenyu,C,+8.75,20,115,33.04,38,115,18.26,21,115,6.9,4,58,50.0,2,4,33.33,2,6,31.58,6,19,66.67,4,6
20260223,1,nBDoNSY8n2,MIU,C,+6.4,20,111,27.93,31,111,13.51,15,111,15.22,7,46,0.0,0,0,50.0,4,8,54.55,12,22,58.33,7,12
20260223,1,-R7k1ogPyi,SHINJI1223,C,+60.55,20,95,28.42,27,95,18.95,18,95,10.0,4,40,100.0,2,2,60.0,3,5,30.77,4,13,50.0,2,4
20260223,1,kVKTrcl3ld,Futa,C,+190.65,20,85,23.53,20,85,15.29,13,85,2.78,1,36,40.0,2,5,60.0,3,5,35.71,5,14,80.0,4,5
20260223,1,9W903vxPw_,そふとくりーむ,C,-43.25,20,83,39.76,33,83,22.89,19,83,6.06,2,33,71.43,5,7,25.0,1,4,11.76,2,17,50.0,1,2
20260223,1,hig4fvwo_m,とーち,C,+22.2,20,78,26.92,21,78,20.51,16,78,17.65,6,34,100.0,2,2,100.0,6,6,20.0,2,10,50.0,1,2
20260223,1,0vKy_AgCXx,tknsn,C,-154.9,20,74,28.38,21,74,17.57,13,74,0.0,0,25,100.0,2,2,20.0,1,5,14.29,2,14,50.0,1,2
20260223,1,-lzw3Qbe04,Dai,C,-142.5,20,73,52.05,38,73,35.62,26,73,30.0,9,30,20.0,1,5,80.0,8,10,33.33,8,24,25.0,2,8
20260223,1,3FatmzAl-m,Kuni,C,+7.75,20,69,39.13,27,69,18.84,13,69,18.75,6,32,0.0,0,0,100.0,2,2,38.46,5,13,60.0,3,5
20260223,1,DXrWVNkdav,TNT,C,+23.95,20,67,37.31,25,67,28.36,19,67,15.15,5,33,75.0,3,4,75.0,3,4,40.0,4,10,75.0,3,4
20260223,1,ZzPjBrJeSm,roi,C,-274.25,20,42,61.9,26,42,45.24,19,42,46.15,6,13,0.0,0,6,71.43,5,7,31.58,6,19,66.67,4,6
20260223,1,wO4Vw2dQ8t,イナズマKすけ,C,-14.05,20,39,25.64,10,39,15.38,6,39,5.0,1,20,0.0,0,0,50.0,1,2,33.33,2,6,50.0,1,2
20260223,1,Lx-JfyAGSv,Sky,C,-92.75,20,38,36.84,14,38,23.68,9,38,21.43,3,14,0.0,0,0,42.86,3,7,45.45,5,11,20.0,1,5
20260223,1,XaClitYV1x,らねおか,C,+24,20,22,22.73,5,22,22.73,5,22,12.5,1,8,100.0,1,1,100.0,3,3,0.0,0,3,0.0,0,0
20260223,1,NnZvVXUwZ4,A.,C,-100,20,2,50.0,1,2,50.0,1,2,0.0,0,0,0.0,0,1,0.0,0,0,0.0,0,1,0.0,0,0
20260302,1,yEOnuJcBZo,Rabbit900,C,+611.6,20,663,37.1,246,663,27.15,180,663,17.37,41,236,64.52,20,31,50.85,30,59,35.85,38,106,65.79,25,38
20260302,1,yokMVzYG_q,AontheRiver,C,+178.85,20,571,36.43,208,571,26.44,151,571,10.87,25,230,86.49,32,37,61.22,30,49,30.53,29,95,51.72,15,29
20260302,1,j_3joKfzS9,takatony,C,+183,20,495,28.69,142,495,17.78,88,495,9.31,19,204,63.64,7,11,62.5,20,32,36.36,28,77,60.71,17,28
20260302,1,X2HiN5-cFQ,ゴン02（江戸犬）,C,+151.5,20,454,25.99,118,454,18.5,84,454,7.85,15,191,52.94,9,17,76.0,19,25,32.69,17,52,52.94,9,17
20260302,1,3liBhfdN10,揚げもち,C,+191.45,20,443,24.15,107,443,18.51,82,443,6.36,11,173,78.57,11,14,58.33,14,24,41.86,18,43,66.67,12,18
20260302,1,cCFXQyltQ-,engawa,C,-222.05,20,402,35.32,142,402,21.95,88,401,12.43,23,185,19.05,4,21,55.17,16,29,25.88,22,85,50.0,11,22
20260302,1,O1ujh7Dkxd,shunta,C,-80.8,20,373,23.86,89,373,14.48,54,373,5.33,8,150,60.0,6,10,35.29,6,17,38.64,17,44,52.94,9,17
20260302,1,WeOKnoOueQ,HINANO,C,+136.7,20,358,41.9,150,358,29.61,106,358,12.23,17,139,61.9,13,21,58.97,23,39,35.14,26,74,50.0,13,26
20260302,1,YkRLv6Nf7r,27,C,-129.3,20,287,35.54,102,287,28.22,81,287,14.96,19,127,28.57,4,14,54.76,23,42,37.1,23,62,47.83,11,23
20260302,1,DZezvMNAJy,Noram,C,+6.85,20,280,29.29,82,280,20.36,57,280,6.54,7,107,63.64,7,11,50.0,11,22,36.59,15,41,46.67,7,15
20260302,1,Oc04ITRF7i,waho,C,+0.35,20,265,25.66,68,265,17.74,47,265,8.16,8,98,85.71,6,7,40.0,6,15,31.03,9,29,44.44,4,9
20260302,1,tqB-r6hdq9,shunsuke11,C,-132.25,20,256,29.3,75,256,19.53,50,256,14.16,16,113,57.14,4,7,50.0,9,18,33.33,11,33,36.36,4,11
20260302,1,9W903vxPw_,そふとくりーむ,C,-199,20,250,27.2,68,250,18.0,45,250,8.0,8,100,55.56,5,9,50.0,7,14,30.3,10,33,70.0,7,10
20260302,1,b7sgMo_M-5,konasho,C,-47.7,20,248,33.06,82,248,20.16,50,248,10.59,9,85,63.16,12,19,47.37,9,19,37.5,15,40,53.33,8,15
20260302,1,vdNIJNJGUU,すとふぁ,C,-241.85,20,245,24.9,61,245,17.55,43,245,8.93,10,112,44.44,4,9,64.71,11,17,48.57,17,35,47.06,8,17
20260302,1,r1CBe6Qe79,なんでやねん,C,-36,20,235,24.26,57,235,17.87,42,235,11.11,10,90,50.0,3,6,60.0,9,15,41.94,13,31,61.54,8,13
20260302,1,k5rEzFp2MR,arash!,C,+18.5,20,221,28.96,64,221,19.91,44,221,17.58,16,91,71.43,5,7,57.14,12,21,36.11,13,36,46.15,6,13
20260302,1,26v7hSw7Sn,わた,C,-324,20,210,54.29,114,210,34.29,72,210,20.41,20,98,50.0,5,10,52.63,20,38,33.33,27,81,44.44,12,27
20260302,1,5v7PwEvIAz,Kay,C,-33.8,20,202,29.7,60,202,23.27,47,202,16.05,13,81,50.0,3,6,64.71,11,17,29.63,8,27,37.5,3,8
20260302,1,TkMT4agdsh,alfort,C,-17.6,20,202,29.21,59,202,20.3,41,202,8.33,6,72,20.0,1,5,25.0,3,12,33.33,11,33,63.64,7,11
20260302,1,nPiUhQEVMi,かいる,C,-30.3,20,190,21.05,40,190,14.74,28,190,11.9,10,84,75.0,3,4,42.86,3,7,37.5,6,16,16.67,1,6
20260302,1,-qEZ1CRvSu,miki,C,+89.65,20,189,30.69,58,189,22.75,43,189,16.0,12,75,40.0,2,5,50.0,8,16,14.29,4,28,50.0,2,4
20260302,1,Bvxa5VV39S,piro,C,-175.85,20,183,28.42,52,183,19.13,35,183,10.39,8,77,33.33,2,6,50.0,7,14,40.0,12,30,50.0,6,12
20260302,1,Oo-rx1G24B,GIL RAIM,C,-101.9,20,182,29.67,54,182,19.78,36,182,4.48,3,67,55.56,5,9,70.0,7,10,36.36,8,22,75.0,6,8
20260302,1,bqEtnO6wX9,つー,C,-36.35,20,171,33.33,57,171,21.05,36,171,8.06,5,62,62.5,5,8,50.0,6,12,33.33,9,27,66.67,6,9
20260302,1,EI0h9NvLRP,いっせ,C,+276.3,20,169,45.56,77,169,30.18,51,169,13.43,9,67,40.0,4,10,45.0,9,20,43.14,22,51,59.09,13,22
20260302,1,ZzPjBrJeSm,roi,C,-195.3,20,168,45.24,76,168,20.24,34,168,9.86,7,71,42.86,3,7,71.43,5,7,46.94,23,49,52.17,12,23
20260302,1,WtIP2AbI23,ノガード,C,+81.65,20,165,30.3,50,165,22.42,37,165,12.33,9,73,71.43,5,7,69.23,9,13,39.13,9,23,66.67,6,9
20260302,1,Q0mo0HjOtt,Shingo,C,+154.25,20,152,27.63,42,152,21.05,32,152,5.36,3,56,83.33,5,6,22.22,2,9,35.29,6,17,50.0,3,6
20260302,1,Yg9-tEe5QH,cymx2724,C,-65.45,20,150,24.0,36,150,14.0,21,150,10.91,6,55,57.14,4,7,42.86,3,7,5.56,1,18,100.0,1,1
20260302,1,hig4fvwo_m,とーち,C,-32.95,20,146,35.62,52,146,24.66,36,146,11.11,6,54,71.43,5,7,80.0,12,15,25.0,7,28,28.57,2,7
20260302,1,WjqaCs8A5o,ばどえあー,C,-8.4,20,134,31.34,42,134,26.87,36,134,10.91,6,55,80.0,4,5,45.45,5,11,50.0,8,16,50.0,4,8
20260302,1,QK8nAFN9E2,カイン,C,+81.8,20,134,35.82,48,134,19.4,26,134,4.65,2,43,25.0,2,8,60.0,3,5,45.0,9,20,88.89,8,9
20260302,1,kVKTrcl3ld,Futa,C,-117.55,20,132,23.48,31,132,12.88,17,132,4.26,2,47,66.67,2,3,50.0,3,6,53.33,8,15,50.0,4,8
20260302,1,SrJdWlcNBY,RYOTA,C,+0.15,20,129,38.76,50,129,24.03,31,129,7.84,4,51,100.0,5,5,27.27,3,11,28.57,6,21,50.0,3,6
20260302,1,byYrvu0Qdy,ElNino,C,+29.8,20,128,34.38,44,128,24.22,31,128,14.58,7,48,50.0,3,6,84.62,11,13,45.45,10,22,50.0,5,10
20260302,1,m6qcHTxJhX,siruneko,C,-71.3,20,128,27.34,35,128,22.66,29,128,17.02,8,47,50.0,2,4,45.45,5,11,31.25,5,16,40.0,2,5
20260302,1,UHNPbgw1ue,okbokujo,C,-67.8,20,121,40.5,49,121,19.01,23,121,6.0,3,50,57.14,4,7,50.0,5,10,37.84,14,37,78.57,11,14
20260302,1,fyjEJaUFUd,をにぎり,C,+30.9,20,119,39.5,47,119,22.69,27,119,7.84,4,51,44.44,4,9,55.56,5,9,37.14,13,35,30.77,4,13
20260302,1,Kyu60mEERY,Sabosuke,C,-53.1,20,117,19.66,23,117,16.24,19,117,5.56,3,54,33.33,2,6,50.0,4,8,21.43,3,14,33.33,1,3
20260302,1,Xa_1dhYEV4,Lemon,C,+155.25,20,117,20.51,24,117,10.26,12,117,0.0,0,54,0.0,0,2,14.29,1,7,41.18,7,17,100.0,7,7
20260302,1,5E5VYl6oOU,ねくと,C,+39.75,20,114,26.32,30,114,20.18,23,114,11.63,5,43,28.57,2,7,71.43,5,7,25.0,4,16,75.0,3,4
20260302,1,nBDoNSY8n2,MIU,C,+123.1,20,113,29.2,33,113,16.81,19,113,10.42,5,48,66.67,2,3,80.0,4,5,31.58,6,19,83.33,5,6
20260302,1,XqrTiXnRSu,APO,C,-127.5,20,109,48.62,53,109,24.77,27,109,10.64,5,47,28.57,2,7,58.33,7,12,38.89,14,36,28.57,4,14
20260302,1,rhUBwDuHCf,konishi,C,+83.35,20,105,34.29,36,105,24.76,26,105,16.67,6,36,0.0,0,2,44.44,4,9,38.89,7,18,71.43,5,7
20260302,1,uNHIhLxU5W,ゆっきーな,C,+5.55,20,101,25.74,26,101,19.8,20,101,3.23,1,31,40.0,2,5,28.57,2,7,40.0,6,15,66.67,4,6
20260302,1,vVo9VdBVBm,するたん,C,+232.8,20,99,35.35,35,99,20.2,20,99,9.76,4,41,50.0,1,2,33.33,3,9,35.0,7,20,85.71,6,7
20260302,1,WCz-o4BU-5,dots,C,-117,20,98,22.45,22,98,11.22,11,98,6.45,2,31,100.0,2,2,80.0,4,5,15.38,2,13,50.0,1,2
20260302,1,mXg0a8r7as,Fuku,C,+29.45,20,92,29.35,27,92,16.3,15,92,13.89,5,36,33.33,1,3,62.5,5,8,28.57,4,14,25.0,1,4
20260302,1,afwX5VdcTj,はやと,C,-52,20,83,20.48,17,83,12.05,10,83,6.06,2,33,100.0,3,3,0.0,0,2,16.67,1,6,100.0,1,1
20260302,1,0QyEE5Hc9o,常盤木いつき,C,-12.45,20,83,19.28,16,83,10.84,9,83,8.11,3,37,100.0,3,3,100.0,1,1,25.0,1,4,100.0,1,1
20260302,1,yOGROR9-hE,ワイエム,C,-86.9,20,81,50.62,41,81,24.69,20,81,0.0,0,30,0.0,0,6,0.0,0,7,37.93,11,29,45.45,5,11
20260302,1,-R7k1ogPyi,SHINJI1223,C,-68.7,20,77,36.36,28,77,24.68,19,77,8.57,3,35,50.0,2,4,57.14,4,7,37.5,6,16,33.33,2,6
20260302,1,DXrWVNkdav,TNT,C,-13.9,20,76,31.58,24,76,21.05,16,76,7.69,2,26,0.0,0,0,42.86,3,7,53.85,7,13,28.57,2,7
20260302,1,zz83sIdu2k,りく,C,-122.35,20,73,43.84,32,73,36.99,27,73,24.14,7,29,60.0,3,5,77.78,7,9,43.75,7,16,42.86,3,7
20260302,1,wO4Vw2dQ8t,イナズマKすけ,C,-56.4,20,60,35.0,21,60,23.33,14,60,20.0,4,20,100.0,1,1,40.0,4,10,41.67,5,12,20.0,1,5
20260302,1,-WgKDrZMvL,mo',C,+48.55,20,56,23.21,13,56,17.86,10,56,11.54,3,26,50.0,2,4,60.0,3,5,55.56,5,9,80.0,4,5
20260302,1,4WtCZIPG2x,タナカ,C,+53.3,20,52,30.77,16,52,21.15,11,52,20.0,3,15,100.0,1,1,100.0,4,4,42.86,3,7,66.67,2,3
20260302,1,QWB-qkCzDu,Testes,C,+35.25,20,46,34.78,16,46,23.91,11,46,10.53,2,19,0.0,0,3,66.67,2,3,44.44,4,9,75.0,3,4
20260302,1,6N30cpGlP_,Ene,C,+50.2,20,38,36.84,14,38,28.95,11,38,18.18,4,22,66.67,2,3,0.0,0,3,28.57,2,7,100.0,2,2
20260302,1,yHZrsG6l5j,sigma,C,-6,20,24,29.17,7,24,25.0,6,24,22.22,2,9,0.0,0,0,66.67,2,3,33.33,1,3,0.0,0,1
20260309,1,QBTw2JRIw5,Ramune,C,-207.1,20,637,26.37,168,637,18.52,118,637,13.13,34,259,38.1,8,21,67.5,27,40,29.41,25,85,36.0,9,25
20260309,1,r1CBe6Qe79,なんでやねん,C,+89.2,20,617,29.01,179,617,20.58,127,617,9.88,24,243,56.0,14,25,50.0,23,46,33.67,33,98,60.61,20,33
20260309,1,j_3joKfzS9,takatony,C,-250.5,20,541,29.02,157,541,19.96,108,541,11.31,25,221,77.78,14,18,50.0,16,32,32.05,25,78,64.0,16,25
20260309,1,WeOKnoOueQ,HINANO,C,+153.8,20,506,38.54,195,506,30.04,152,506,20.93,45,215,50.0,15,30,77.42,48,62,30.56,33,108,36.36,12,33
20260309,1,X2HiN5-cFQ,ゴン02（江戸犬）,C,+122.9,20,416,28.61,119,416,21.88,91,416,9.64,16,166,61.54,16,26,56.67,17,30,35.85,19,53,68.42,13,19
20260309,1,g0yui9LXM4,utos,C,+257.3,20,335,37.61,126,335,26.57,89,335,10.79,15,139,37.5,6,16,50.0,20,40,33.33,27,81,59.26,16,27
20260309,1,4_RBXVU9-k,翔斗,C,-25.5,20,330,17.27,57,330,12.73,42,330,6.29,9,143,50.0,6,12,81.25,13,16,28.57,10,35,70.0,7,10
20260309,1,MI-fYAoFiY,ゆうま,C,-106,20,311,24.44,76,311,17.04,53,311,9.32,11,118,60.0,6,10,66.67,12,18,21.05,8,38,25.0,2,8
20260309,1,yEOnuJcBZo,Rabbit900,C,+65,20,297,23.23,69,297,17.17,51,297,14.29,17,119,78.57,11,14,47.62,10,21,34.29,12,35,50.0,6,12
20260309,1,b7sgMo_M-5,konasho,C,+76.65,20,257,26.46,68,257,22.96,59,257,7.61,7,92,64.29,9,14,57.14,12,21,46.67,14,30,64.29,9,14
20260309,1,nPiUhQEVMi,かいる,C,+81.15,20,242,26.03,63,242,17.77,43,242,11.32,12,106,33.33,2,6,70.0,7,10,33.33,9,27,66.67,6,9
20260309,1,ZzPjBrJeSm,roi,C,-445.25,20,241,57.26,138,241,31.54,76,241,11.22,11,98,20.0,4,20,40.62,13,32,40.2,41,102,39.02,16,41
20260309,1,cCFXQyltQ-,engawa,C,+28.15,20,220,32.73,72,220,21.82,48,220,9.52,8,84,60.0,6,10,75.0,12,16,44.19,19,43,57.89,11,19
20260309,1,-WgKDrZMvL,mo',C,-78.05,20,209,32.54,68,209,24.4,51,209,13.7,10,73,44.44,4,9,75.0,9,12,14.29,3,21,100.0,3,3
20260309,1,QK8nAFN9E2,カイン,C,+27.25,20,209,27.27,57,209,13.4,28,209,1.33,1,75,66.67,6,9,11.11,1,9,41.18,14,34,57.14,8,14
20260309,1,DXrWVNkdav,TNT,C,+244.75,20,203,40.39,82,203,28.08,57,203,14.81,12,81,75.0,6,8,71.43,15,21,31.58,12,38,66.67,8,12
20260309,1,nBDoNSY8n2,MIU,C,-95.4,20,184,27.72,51,184,16.3,30,184,8.75,7,80,70.0,7,10,44.44,4,9,55.17,16,29,50.0,8,16
20260309,1,-R7k1ogPyi,SHINJI1223,C,+243.85,20,182,29.12,53,182,20.88,38,182,5.88,4,68,44.44,4,9,63.64,7,11,37.04,10,27,80.0,8,10
20260309,1,DZezvMNAJy,Noram,C,-3.45,20,180,32.22,58,180,22.22,40,180,7.69,5,65,20.0,1,5,62.5,10,16,33.33,12,36,50.0,6,12
20260309,1,0c3gLD4eiE,NABO,C,-151.65,20,173,29.48,51,173,21.39,37,173,15.94,11,69,75.0,3,4,58.33,7,12,30.43,7,23,28.57,2,7
20260309,1,m6qcHTxJhX,siruneko,C,+29.7,20,163,26.99,44,163,22.09,36,163,15.87,10,63,55.56,5,9,20.0,1,5,33.33,5,15,80.0,4,5
20260309,1,WtIP2AbI23,ノガード,C,-2,20,162,34.57,56,162,23.46,38,162,14.06,9,64,75.0,6,8,38.89,7,18,24.24,8,33,50.0,4,8
20260309,1,vVo9VdBVBm,するたん,C,+115.05,20,150,22.67,34,150,16.0,24,150,6.45,4,62,50.0,2,4,57.14,4,7,36.84,7,19,85.71,6,7
20260309,1,26v7hSw7Sn,わた,C,-194.1,20,150,46.67,70,150,34.67,52,150,33.33,18,54,16.67,2,12,71.43,10,14,23.08,9,39,44.44,4,9
20260309,1,hig4fvwo_m,とーち,C,+87.4,20,141,29.08,41,141,20.57,29,141,8.77,5,57,71.43,5,7,63.64,7,11,23.81,5,21,100.0,5,5
20260309,1,SrJdWlcNBY,RYOTA,C,-117.85,20,134,24.63,33,134,16.42,22,134,9.8,5,51,66.67,2,3,50.0,2,4,16.67,2,12,0.0,0,2
20260309,1,EI0h9NvLRP,いっせ,C,+46.5,20,131,33.59,44,131,21.37,28,131,9.09,4,44,37.5,3,8,60.0,6,10,34.48,10,29,40.0,4,10
20260309,1,TkMT4agdsh,alfort,C,-49.6,20,110,35.45,39,110,26.36,29,110,27.5,11,40,100.0,2,2,57.14,8,14,37.5,9,24,44.44,4,9
20260309,1,stzdogxFRA,ミナっち,C,-127.55,20,103,33.98,35,103,21.36,22,103,7.32,3,41,66.67,2,3,85.71,6,7,54.55,12,22,25.0,3,12
20260309,1,0QyEE5Hc9o,常盤木いつき,C,-77.05,20,96,21.88,21,96,16.67,16,96,4.88,2,41,40.0,2,5,66.67,4,6,27.27,3,11,66.67,2,3
20260309,1,mXg0a8r7as,Fuku,C,+130.95,20,96,31.25,30,96,18.75,18,96,8.0,4,50,0.0,0,1,70.0,7,10,54.17,13,24,61.54,8,13
20260309,1,XaClitYV1x,らねおか,C,-30,20,94,26.6,25,94,17.02,16,94,6.67,3,45,50.0,3,6,62.5,5,8,26.32,5,19,40.0,2,5
20260309,1,bqEtnO6wX9,つー,C,+73,20,92,29.35,27,92,18.48,17,92,6.82,3,44,0.0,0,2,33.33,3,9,55.0,11,20,63.64,7,11
20260309,1,byYrvu0Qdy,ElNino,C,+71.7,20,91,20.88,19,91,12.09,11,91,10.42,5,48,0.0,0,0,80.0,4,5,63.64,7,11,71.43,5,7
20260309,1,kVKTrcl3ld,Futa,C,-19.05,20,72,30.56,22,72,23.61,17,72,8.33,2,24,100.0,3,3,44.44,4,9,14.29,2,14,50.0,1,2
20260309,1,3liBhfdN10,揚げもち,C,+86.65,20,70,27.14,19,70,18.57,13,70,6.9,2,29,0.0,0,0,75.0,3,4,40.0,2,5,100.0,2,2
20260309,1,6N30cpGlP_,Ene,C,+172.1,20,69,30.43,21,69,21.74,15,69,13.64,3,22,0.0,0,1,80.0,8,10,30.77,4,13,50.0,2,4
20260309,1,WjqaCs8A5o,ばどえあー,C,-25.05,20,68,19.12,13,68,14.71,10,68,6.06,2,33,66.67,2,3,33.33,1,3,0.0,0,7,0.0,0,0
20260309,1,0vKy_AgCXx,tknsn,C,-123.5,20,66,30.3,20,66,21.21,14,66,4.76,1,21,100.0,1,1,0.0,0,5,25.0,2,8,0.0,0,2
20260309,1,sYruTEJ8Uw,Mazzo,C,+5.9,20,61,29.51,18,61,19.67,12,61,4.76,1,21,33.33,1,3,71.43,5,7,38.46,5,13,40.0,2,5
20260309,1,HZmCRZd6SG,Neku,C,+31.85,20,58,37.93,22,58,22.41,13,58,13.04,3,23,33.33,1,3,100.0,4,4,38.46,5,13,60.0,3,5
20260309,1,5v7PwEvIAz,Kay,C,+17.35,20,52,32.69,17,52,23.08,12,52,16.67,3,18,75.0,3,4,66.67,4,6,54.55,6,11,66.67,4,6
20260309,1,Xa_1dhYEV4,Lemon,C,+18.2,20,39,23.08,9,39,15.38,6,39,6.67,1,15,0.0,0,0,75.0,3,4,60.0,3,5,66.67,2,3
20260309,1,yOGROR9-hE,ワイエム,C,-177.5,20,30,56.67,17,30,30.0,9,30,9.09,1,11,0.0,0,3,0.0,0,4,25.0,4,16,50.0,2,4
20260309,1,EN9N_Z9A78,ぼくだよ,C,+5.8,20,27,33.33,9,27,25.93,7,27,11.11,1,9,100.0,2,2,100.0,3,3,25.0,1,4,0.0,0,1
20260309,1,yHZrsG6l5j,sigma,C,-18.4,20,20,50.0,10,20,30.0,6,20,0.0,0,5,100.0,1,1,50.0,2,4,16.67,1,6,100.0,1,1
20260309,1,-qEZ1CRvSu,miki,C,+42.4,20,14,28.57,4,14,21.43,3,14,0.0,0,3,0.0,0,1,100.0,1,1,50.0,1,2,100.0,1,1
20260316,1,WeOKnoOueQ,HINANO,C,-25.65,20,520,35.38,184,520,27.5,143,520,10.19,21,206,60.0,15,25,43.86,25,57,35.79,34,95,44.12,15,34
20260316,1,j_3joKfzS9,takatony,C,-87.1,20,513,25.73,132,513,20.08,103,513,7.46,15,201,52.63,10,19,60.0,18,30,37.7,23,61,69.57,16,23
20260316,1,yEOnuJcBZo,Rabbit900,C,-278.05,20,482,15.56,75,482,10.37,50,482,7.48,16,214,20.0,2,10,45.83,11,24,29.17,14,48,57.14,8,14
20260316,1,-qEZ1CRvSu,miki,C,+206.6,20,458,26.42,121,458,19.21,88,458,11.27,23,204,38.46,5,13,35.29,12,34,34.38,22,64,50.0,11,22
20260316,1,cCFXQyltQ-,engawa,C,-166.65,20,440,25.23,111,440,16.59,73,440,8.56,16,187,61.54,8,13,52.63,10,19,43.4,23,53,39.13,9,23
20260316,1,k5rEzFp2MR,arash!,C,+118.7,20,431,31.09,134,431,22.51,97,431,14.37,24,167,76.92,10,13,66.67,24,36,21.82,12,55,50.0,6,12
20260316,1,X2HiN5-cFQ,ゴン02（江戸犬）,C,-162.2,20,389,29.56,115,389,22.37,87,389,9.43,15,159,64.71,11,17,53.85,21,39,31.51,23,73,60.87,14,23
20260316,1,O1ujh7Dkxd,shunta,C,-35.75,20,383,30.03,115,383,18.28,70,383,9.88,17,172,63.64,7,11,57.69,15,26,39.71,27,68,48.15,13,27
20260316,1,MqZu0oArm3,小鳥遊ひいろ,C,-10.7,20,369,26.56,98,369,18.97,70,369,8.21,11,134,66.67,8,12,30.77,8,26,34.0,17,50,58.82,10,17
20260316,1,3liBhfdN10,揚げもち,C,-119.1,20,346,24.28,84,346,17.34,60,346,7.58,10,132,73.33,11,15,66.67,10,15,44.44,16,36,56.25,9,16
20260316,1,3FatmzAl-m,Kuni,C,+89.25,20,344,42.73,147,344,20.93,72,344,12.18,19,156,62.5,5,8,71.43,20,28,35.92,37,103,45.95,17,37
20260316,1,tqB-r6hdq9,shunsuke11,C,+117,20,248,33.87,84,248,25.81,64,248,17.31,18,104,75.0,6,8,52.94,9,17,34.38,11,32,72.73,8,11
20260316,1,uNHIhLxU5W,ゆっきーな,C,-90.9,20,239,24.27,58,239,18.41,44,239,6.54,7,107,20.0,2,10,53.33,8,15,30.3,10,33,60.0,6,10
20260316,1,O2b7zy1-XM,SetsunaTrip,C,-87.9,20,219,29.22,64,219,16.89,37,219,5.43,5,92,80.0,4,5,36.36,4,11,36.67,11,30,54.55,6,11
20260316,1,bqEtnO6wX9,つー,C,+36.35,20,213,30.05,64,213,23.0,49,213,11.96,11,92,66.67,6,9,85.71,12,14,20.0,6,30,33.33,2,6
20260316,1,byYrvu0Qdy,ElNino,C,+131.25,20,211,32.23,68,211,22.27,47,211,7.32,6,82,100.0,5,5,80.0,8,10,16.67,4,24,75.0,3,4
20260316,1,b7sgMo_M-5,konasho,C,+8.45,20,168,27.38,46,168,14.88,25,168,5.56,4,72,100.0,3,3,36.36,4,11,30.43,7,23,71.43,5,7
20260316,1,WtIP2AbI23,ノガード,C,+7.3,20,168,30.36,51,168,21.43,36,168,14.86,11,74,55.56,5,9,14.29,1,7,45.0,9,20,66.67,6,9
20260316,1,DZezvMNAJy,Noram,C,+405.25,20,164,32.32,53,164,23.17,38,164,8.45,6,71,28.57,2,7,40.0,8,20,38.24,13,34,69.23,9,13
20260316,1,EI0h9NvLRP,いっせ,C,-39.35,20,141,29.79,42,141,17.02,24,141,9.52,6,63,60.0,3,5,45.45,5,11,27.59,8,29,37.5,3,8
20260316,1,m6qcHTxJhX,siruneko,C,+74.05,20,140,31.43,44,140,26.43,37,140,7.69,4,52,28.57,2,7,50.0,7,14,26.09,6,23,66.67,4,6
20260316,1,-R7k1ogPyi,SHINJI1223,C,+104.9,20,135,37.04,50,135,28.15,38,135,15.79,9,57,57.14,4,7,54.55,6,11,33.33,7,21,85.71,6,7
20260316,1,nPiUhQEVMi,かいる,C,+20.1,20,130,26.15,34,130,16.92,22,130,2.38,1,42,71.43,5,7,85.71,6,7,33.33,4,12,25.0,1,4
20260316,1,hig4fvwo_m,とーち,C,+111.2,20,128,24.22,31,128,18.75,24,128,9.09,5,55,85.71,6,7,66.67,4,6,50.0,6,12,50.0,3,6
20260316,1,EN9N_Z9A78,ぼくだよ,C,+30,20,123,33.33,41,123,26.83,33,123,22.22,10,45,54.55,6,11,46.15,6,13,45.0,9,20,66.67,6,9
20260316,1,DXrWVNkdav,TNT,C,-25.35,20,117,44.44,52,117,27.35,32,117,12.77,6,47,50.0,5,10,100.0,9,9,44.83,13,29,53.85,7,13
20260316,1,fyjEJaUFUd,をにぎり,C,+31.85,20,96,39.58,38,96,30.21,29,96,11.43,4,35,0.0,0,7,63.64,7,11,45.45,10,22,70.0,7,10
20260316,1,mXg0a8r7as,Fuku,C,+45.8,20,75,26.67,20,75,20.0,15,75,18.18,4,22,100.0,3,3,16.67,1,6,63.64,7,11,57.14,4,7
20260316,1,4_RBXVU9-k,翔斗,C,-30.65,20,73,23.29,17,73,17.81,13,73,3.7,1,27,50.0,2,4,42.86,3,7,40.0,4,10,25.0,1,4
20260316,1,-WgKDrZMvL,mo',C,-39.45,20,69,36.23,25,69,24.64,17,69,6.67,2,30,100.0,5,5,50.0,2,4,36.36,4,11,75.0,3,4
20260316,1,XqrTiXnRSu,APO,C,-150,20,61,40.98,25,61,14.75,9,61,0.0,0,20,0.0,0,5,75.0,3,4,23.81,5,21,40.0,2,5
20260316,1,Xa_1dhYEV4,Lemon,C,+13.4,20,55,23.64,13,55,20.0,11,55,15.0,3,20,33.33,1,3,60.0,3,5,57.14,4,7,50.0,2,4
20260316,1,ZzPjBrJeSm,roi,C,-241.6,20,46,52.17,24,46,39.13,18,46,26.09,6,23,0.0,0,4,85.71,6,7,23.53,4,17,25.0,1,4
20260316,1,kVKTrcl3ld,Futa,C,-14,20,44,34.09,15,44,20.45,9,44,10.0,2,20,66.67,2,3,33.33,1,3,10.0,1,10,0.0,0,1
20260316,1,5v7PwEvIAz,Kay,C,+206.75,20,44,38.64,17,44,27.27,12,44,17.65,3,17,0.0,0,3,66.67,2,3,50.0,5,10,80.0,4,5
20260316,1,HZmCRZd6SG,Neku,C,+31.5,20,38,39.47,15,38,13.16,5,38,7.14,1,14,0.0,0,1,100.0,1,1,66.67,6,9,50.0,3,6
20260316,1,6N30cpGlP_,Ene,C,-125.35,20,36,41.67,15,36,30.56,11,36,7.69,1,13,66.67,2,3,50.0,2,4,71.43,5,7,20.0,1,5
20260316,1,0QyEE5Hc9o,常盤木いつき,C,-62.8,20,33,21.21,7,33,12.12,4,33,0.0,0,18,0.0,0,1,100.0,2,2,0.0,0,5,0.0,0,0
20260316,1,QK8nAFN9E2,カイン,C,+2.85,20,29,20.69,6,29,3.45,1,29,0.0,0,13,100.0,1,1,0.0,0,0,0.0,0,3,0.0,0,0
20260323,1,4kHSZklLpK,teish,C,+30.95,20,454,27.09,123,454,20.26,92,454,12.5,23,184,88.24,15,17,35.71,10,28,44.44,20,45,75.0,15,20
20260323,1,O1ujh7Dkxd,shunta,C,+125.5,20,415,30.6,127,415,20.24,84,415,10.06,18,179,93.33,14,15,41.67,10,24,41.38,24,58,54.17,13,24
20260323,1,WeOKnoOueQ,HINANO,C,+206.1,20,409,35.7,146,409,23.72,97,409,10.98,19,173,45.45,10,22,67.74,21,31,41.03,32,78,46.88,15,32
20260323,1,4_RBXVU9-k,翔斗,C,+299.1,20,369,25.75,95,369,16.26,60,369,5.42,9,166,53.33,8,15,50.0,9,18,25.0,12,48,66.67,8,12
20260323,1,3liBhfdN10,揚げもち,C,-42.3,20,364,25.55,93,364,20.88,76,364,11.56,17,147,58.33,7,12,39.29,11,28,46.51,20,43,55.0,11,20
20260323,1,j_3joKfzS9,takatony,C,-274.25,20,334,33.83,113,334,26.05,87,334,14.08,20,142,80.0,12,15,68.97,20,29,43.14,22,51,50.0,11,22
20260323,1,3FatmzAl-m,Kuni,C,+79.35,20,324,48.15,156,324,27.78,90,324,10.87,15,138,33.33,9,27,71.43,20,28,38.24,39,102,48.72,19,39
20260323,1,r1CBe6Qe79,なんでやねん,C,-17.3,20,305,29.51,90,305,19.34,59,305,7.38,9,122,66.67,6,9,41.38,12,29,40.74,22,54,54.55,12,22
20260323,1,k5rEzFp2MR,arash!,C,-31.8,20,245,30.2,74,245,21.22,52,245,8.65,9,104,71.43,10,14,60.0,9,15,40.0,12,30,66.67,8,12
20260323,1,DZezvMNAJy,Noram,C,-142,20,236,30.93,73,236,21.19,50,236,7.69,8,104,38.46,5,13,61.54,8,13,38.46,15,39,33.33,5,15
20260323,1,yEOnuJcBZo,Rabbit900,C,+86.3,20,219,21.92,48,219,16.44,36,219,9.78,9,92,22.22,2,9,42.86,6,14,29.17,7,24,42.86,3,7
20260323,1,DXrWVNkdav,TNT,C,+35.85,20,215,47.91,103,215,36.28,78,215,18.82,16,85,80.0,8,10,78.26,18,23,27.5,11,40,54.55,6,11
20260323,1,6N30cpGlP_,Ene,C,-82.3,20,205,26.83,55,205,20.49,42,205,9.89,9,91,50.0,5,10,28.57,4,14,29.63,8,27,25.0,2,8
20260323,1,X2HiN5-cFQ,ゴン02（江戸犬）,C,-112.15,20,203,33.5,68,203,23.65,48,203,15.79,15,95,37.5,3,8,65.38,17,26,31.71,13,41,53.85,7,13
20260323,1,9kBl9X8tEm,だいすけ,C,+4.45,20,180,26.11,47,180,14.44,26,180,11.39,9,79,50.0,3,6,0.0,0,2,42.11,8,19,37.5,3,8
20260323,1,Oo-rx1G24B,GIL RAIM,C,+77.25,20,180,32.78,59,180,18.33,33,180,5.56,4,72,0.0,0,5,42.86,9,21,47.92,23,48,47.83,11,23
20260323,1,-WgKDrZMvL,mo',C,+88.05,20,153,24.18,37,153,17.65,27,153,6.15,4,65,62.5,5,8,33.33,4,12,47.37,9,19,33.33,3,9
20260323,1,WtIP2AbI23,ノガード,C,-129.15,20,150,34.67,52,150,22.0,33,150,13.46,7,52,66.67,4,6,46.15,6,13,48.28,14,29,50.0,7,14
20260323,1,byYrvu0Qdy,ElNino,C,-4.3,20,147,31.29,46,147,22.45,33,147,9.62,5,52,42.86,3,7,50.0,6,12,44.0,11,25,63.64,7,11
20260323,1,EI0h9NvLRP,いっせ,C,+14.55,20,145,34.48,50,145,21.38,31,145,13.33,8,60,25.0,1,4,93.75,15,16,26.47,9,34,44.44,4,9
20260323,1,m6qcHTxJhX,siruneko,C,-51.35,20,142,19.01,27,142,14.08,20,142,8.7,6,69,75.0,3,4,40.0,2,5,41.67,5,12,60.0,3,5
20260323,1,SrJdWlcNBY,RYOTA,C,-144.25,20,134,26.12,35,134,18.66,25,134,8.33,5,60,66.67,6,9,75.0,3,4,21.43,3,14,66.67,2,3
20260323,1,bqEtnO6wX9,つー,C,+77.25,20,133,33.83,45,133,21.8,29,133,3.64,2,55,100.0,3,3,61.54,8,13,29.17,7,24,71.43,5,7
20260323,1,26v7hSw7Sn,わた,C,-101.45,20,122,57.38,70,122,47.54,58,122,36.73,18,49,18.18,2,11,78.95,15,19,39.39,13,33,30.77,4,13
20260323,1,vVo9VdBVBm,するたん,C,+182.85,20,120,30.0,36,120,23.33,28,120,11.11,5,45,85.71,6,7,42.86,6,14,52.63,10,19,90.0,9,10
20260323,1,5v7PwEvIAz,Kay,C,-152.45,20,113,24.78,28,113,15.04,17,113,4.26,2,47,50.0,1,2,37.5,3,8,26.32,5,19,60.0,3,5
20260323,1,HZmCRZd6SG,Neku,C,-18.7,20,110,40.91,45,110,26.36,29,110,10.42,5,48,100.0,4,4,90.0,9,10,30.43,7,23,42.86,3,7
20260323,1,9zseyWfctH,池田,C,+35.8,20,110,36.36,40,110,29.09,32,110,21.05,8,38,100.0,5,5,53.33,8,15,36.36,8,22,62.5,5,8
20260323,1,ZzPjBrJeSm,roi,C,-0.8,20,102,48.04,49,102,36.27,37,102,10.81,4,37,60.0,3,5,63.64,7,11,38.1,8,21,25.0,2,8
20260323,1,D0RgrTLvZk,Yu.,C,+213.75,20,99,33.33,33,99,24.24,24,99,10.53,4,38,66.67,2,3,42.86,3,7,40.0,6,15,83.33,5,6
20260323,1,hig4fvwo_m,とーち,C,-43.05,20,98,20.41,20,98,15.31,15,98,2.17,1,46,0.0,0,1,71.43,5,7,21.43,3,14,0.0,0,3
20260323,1,Oc04ITRF7i,waho,C,-12.3,20,98,22.45,22,98,17.35,17,98,8.7,4,46,50.0,2,4,50.0,2,4,18.18,2,11,50.0,1,2
20260323,1,rhUBwDuHCf,konishi,C,-211.25,20,94,40.43,38,94,26.6,25,94,11.43,4,35,20.0,1,5,50.0,4,8,33.33,6,18,50.0,3,6
20260323,1,QK8nAFN9E2,カイン,C,+47.3,20,92,28.26,26,92,16.3,15,92,10.87,5,46,100.0,1,1,42.86,3,7,53.33,8,15,62.5,5,8
20260323,1,cS0TbNKfbn,Takatobi,C,+29.9,20,87,36.78,32,87,27.59,24,87,11.43,4,35,100.0,6,6,28.57,2,7,28.57,4,14,25.0,1,4
20260323,1,mXg0a8r7as,Fuku,C,+101.5,20,78,25.64,20,78,14.1,11,78,11.11,3,27,100.0,1,1,50.0,2,4,71.43,5,7,60.0,3,5
20260323,1,TkMT4agdsh,alfort,C,+89.95,20,74,29.73,22,74,16.22,12,74,2.94,1,34,71.43,5,7,100.0,2,2,61.54,8,13,87.5,7,8
20260323,1,WjqaCs8A5o,ばどえあー,C,+26.4,20,64,29.69,19,64,20.31,13,64,9.09,2,22,0.0,0,2,20.0,1,5,71.43,5,7,40.0,2,5
20260323,1,stzdogxFRA,ミナっち,C,-133.3,20,49,36.73,18,49,18.37,9,49,8.7,2,23,0.0,0,0,100.0,3,3,50.0,5,10,40.0,2,5
20260323,1,uNHIhLxU5W,ゆっきーな,C,-5.5,20,38,21.05,8,38,18.42,7,38,10.0,2,20,0.0,0,1,50.0,1,2,0.0,0,3,0.0,0,0
20260323,1,g0yui9LXM4,utos,C,-2.2,20,18,33.33,6,18,22.22,4,18,0.0,0,8,0.0,0,0,0.0,0,3,60.0,3,5,33.33,1,3
20260323,1,vdNIJNJGUU,すとふぁ,C,-140,20,9,55.56,5,9,33.33,3,9,20.0,1,5,0.0,0,0,100.0,2,2,25.0,1,4,0.0,0,1
20260330,1,6N30cpGlP_,Ene,C,-47.15,20,885,33.56,297,885,23.05,204,885,11.43,44,385,43.24,16,37,57.97,40,69,29.86,43,144,53.49,23,43
20260330,1,4_RBXVU9-k,翔斗,C,+28.05,20,575,26.26,151,575,20.0,115,575,6.06,14,231,59.09,13,22,45.24,19,42,17.81,13,73,53.85,7,13
20260330,1,DZezvMNAJy,Noram,C,+185.05,20,542,34.87,189,542,23.99,130,542,7.21,16,222,65.38,17,26,59.57,28,47,32.35,33,102,63.64,21,33
20260330,1,yokMVzYG_q,AontheRiver,C,-36.25,20,512,28.91,148,512,20.51,105,512,11.4,26,228,65.0,13,20,56.76,21,37,30.99,22,71,59.09,13,22
20260330,1,r1CBe6Qe79,なんでやねん,C,+88.3,20,507,39.25,199,507,27.42,139,507,12.18,24,197,70.97,22,31,47.62,20,42,41.18,42,102,64.29,27,42
20260330,1,cCFXQyltQ-,engawa,C,+52.6,20,408,29.9,122,408,19.61,80,408,9.83,17,173,66.67,10,15,56.52,13,23,28.79,19,66,42.11,8,19
20260330,1,yEOnuJcBZo,Rabbit900,C,+48.65,20,402,27.11,109,402,18.91,76,402,13.64,24,176,38.89,7,18,56.25,18,32,22.58,14,62,64.29,9,14
20260330,1,X2HiN5-cFQ,ゴン02（江戸犬）,C,-104.6,20,363,33.88,123,363,24.52,89,363,14.38,22,153,73.33,11,15,46.43,13,28,24.59,15,61,46.67,7,15
20260330,1,hig4fvwo_m,とーち,C,-101.9,20,319,28.21,90,319,19.12,61,319,8.66,11,127,60.0,6,10,53.85,14,26,31.91,15,47,33.33,5,15
20260330,1,O1ujh7Dkxd,shunta,C,-221.75,20,286,30.07,86,286,18.18,52,286,8.94,11,123,66.67,8,12,23.53,4,17,28.57,14,49,50.0,7,14
20260330,1,WtIP2AbI23,ノガード,C,-111.7,20,241,34.85,84,241,23.65,57,241,13.73,14,102,66.67,2,3,52.38,11,21,35.0,14,40,42.86,6,14
20260330,1,bqEtnO6wX9,つー,C,+64,20,237,34.6,82,237,22.36,53,237,11.65,12,103,76.92,10,13,58.82,10,17,48.89,22,45,40.91,9,22
20260330,1,vdNIJNJGUU,すとふぁ,C,-276.2,20,229,25.33,58,229,17.03,39,229,7.07,7,99,37.5,3,8,57.14,8,14,39.29,11,28,27.27,3,11
20260330,1,-WgKDrZMvL,mo',C,+15.45,20,194,28.35,55,194,19.07,37,194,8.33,7,84,83.33,5,6,25.0,3,12,25.0,6,24,50.0,3,6
20260330,1,mXg0a8r7as,Fuku,C,+71.4,20,148,35.81,53,148,20.95,31,148,3.17,2,63,80.0,4,5,12.5,1,8,50.0,15,30,73.33,11,15
20260330,1,k5rEzFp2MR,arash!,C,+264.05,20,136,26.47,36,136,19.12,26,136,10.94,7,64,75.0,3,4,50.0,6,12,31.58,6,19,50.0,3,6
20260330,1,DXrWVNkdav,TNT,C,+128.3,20,128,39.84,51,128,29.69,38,128,14.0,7,50,66.67,4,6,60.0,9,15,26.92,7,26,71.43,5,7
20260330,1,nPiUhQEVMi,かいる,C,+145.3,20,116,26.72,31,116,18.1,21,116,11.36,5,44,40.0,2,5,25.0,1,4,43.75,7,16,42.86,3,7
20260330,1,SrJdWlcNBY,RYOTA,C,+29.7,20,108,28.7,31,108,18.52,20,108,7.55,4,53,50.0,3,6,44.44,4,9,22.73,5,22,60.0,3,5
20260330,1,EI0h9NvLRP,いっせ,C,-8.75,20,106,36.79,39,106,22.64,24,106,12.82,5,39,80.0,4,5,40.0,2,5,11.76,2,17,50.0,1,2
20260330,1,cS0TbNKfbn,Takatobi,C,-57.35,20,105,39.05,41,105,24.76,26,105,3.85,2,52,100.0,4,4,66.67,6,9,40.0,8,20,25.0,2,8
20260330,1,-qEZ1CRvSu,miki,C,-48.25,20,92,30.43,28,92,20.65,19,92,14.71,5,34,0.0,0,3,16.67,1,6,42.86,6,14,66.67,4,6
20260330,1,O2b7zy1-XM,SetsunaTrip,C,+24.9,20,89,29.21,26,89,23.6,21,89,5.56,2,36,66.67,2,3,55.56,5,9,50.0,6,12,50.0,3,6
20260330,1,5v7PwEvIAz,Kay,C,-112.9,20,88,31.82,28,88,21.59,19,88,2.5,1,40,66.67,4,6,33.33,2,6,43.75,7,16,71.43,5,7
20260330,1,TkMT4agdsh,alfort,C,+191,20,68,27.94,19,68,19.12,13,68,6.45,2,31,50.0,1,2,71.43,5,7,41.67,5,12,60.0,3,5
20260330,1,kVKTrcl3ld,Futa,C,-5.25,20,50,28.0,14,50,16.0,8,50,10.0,2,20,0.0,0,2,33.33,1,3,25.0,2,8,50.0,1,2
20260330,1,g0yui9LXM4,utos,C,-150,20,46,43.48,20,46,32.61,15,46,12.5,2,16,100.0,1,1,57.14,4,7,20.0,2,10,50.0,1,2
20260330,1,QK8nAFN9E2,カイン,C,-47.75,20,45,40.0,18,45,22.22,10,45,7.69,2,26,0.0,0,0,33.33,2,6,30.77,4,13,25.0,1,4
20260330,1,ZzPjBrJeSm,roi,C,-150,20,44,34.09,15,44,25.0,11,44,14.29,3,21,50.0,1,2,66.67,2,3,57.14,4,7,50.0,2,4
20260330,1,HZmCRZd6SG,Neku,C,-29.3,20,33,27.27,9,33,15.15,5,33,0.0,0,11,0.0,0,1,33.33,1,3,25.0,2,8,0.0,0,2
20260330,1,wO4Vw2dQ8t,イナズマKすけ,C,+23.75,20,28,32.14,9,28,21.43,6,28,11.11,1,9,0.0,0,0,50.0,2,4,20.0,1,5,100.0,1,1
20260413,2,j_3joKfzS9,takatony,B,+60.01,20,677,19.94,135,677,14.92,101,677,13.04,24,184,66.67,22,33,62.96,17,27,28.77,21,73,52.38,11,21
20260413,2,X2HiN5-cFQ,ゴン02（江戸犬）,C,-26.44,20,674,22.4,151,674,18.1,122,674,9.6,19,198,55.0,11,20,58.7,27,46,38.82,33,85,51.52,17,33
20260413,2,QBTw2JRIw5,Ramune,B,+104.69,20,632,21.04,133,632,16.3,103,632,12.74,20,157,61.9,13,21,47.73,21,44,33.33,27,81,51.85,14,27
20260413,2,r1CBe6Qe79,なんでやねん,B,-119.71,20,572,24.48,140,572,18.36,105,572,17.42,31,178,87.5,21,24,37.14,13,35,40.54,30,74,43.33,13,30
20260413,2,byYrvu0Qdy,ElNino,B,+251.4,20,569,23.2,132,569,17.22,98,569,18.35,29,158,41.18,7,17,61.54,24,39,39.24,31,79,51.61,16,31
20260413,2,Kyu60mEERY,Sabosuke,C,-83.25,20,562,22.42,126,562,19.04,107,562,14.18,19,134,67.74,21,31,44.83,13,29,29.41,15,51,46.67,7,15
20260413,2,yEOnuJcBZo,Rabbit900,B,-518.71,20,550,23.82,131,550,18.36,101,550,18.12,25,138,45.0,9,20,56.41,22,39,39.19,29,74,31.03,9,29
20260413,2,b7sgMo_M-5,konasho,B,-87.77,20,525,21.9,115,525,16.76,88,525,10.53,20,190,77.14,27,35,60.0,12,20,36.0,18,50,16.67,3,18
20260413,2,-QE9uKlHEU,kenyu,C,-1.26,20,494,27.94,138,494,16.4,81,494,12.96,14,108,26.32,5,19,80.0,24,30,35.11,33,94,54.55,18,33
20260413,2,nPiUhQEVMi,かいる,B,+50.73,20,482,21.16,102,482,16.6,80,482,12.5,16,128,37.5,6,16,70.97,22,31,43.33,26,60,53.85,14,26
20260413,2,DXrWVNkdav,TNT,B,-173.19,20,462,40.26,186,462,28.35,131,462,20.0,31,155,57.69,15,26,69.77,30,43,37.74,40,106,60.0,24,40
20260413,2,-R7k1ogPyi,SHINJI1223,B,+273.26,20,452,26.55,120,452,23.23,105,452,19.12,26,136,55.56,10,18,70.45,31,44,44.78,30,67,60.0,18,30
20260413,2,YkRLv6Nf7r,27,C,-345.08,20,422,24.88,105,422,20.62,87,422,14.41,16,111,73.91,17,23,56.52,13,23,44.68,21,47,57.14,12,21
20260413,2,WtIP2AbI23,ノガード,C,+23.61,20,418,18.66,78,418,15.31,64,418,10.85,14,129,100.0,13,13,47.62,10,21,22.22,8,36,62.5,5,8
20260413,2,EI0h9NvLRP,いっせ,B,+92.34,20,412,23.54,97,412,18.45,76,412,15.84,16,101,63.16,12,19,46.15,12,26,33.96,18,53,55.56,10,18
20260413,2,rhUBwDuHCf,konishi,B,-179.41,20,398,20.1,80,398,15.08,60,398,13.64,15,110,57.14,4,7,56.52,13,23,45.65,21,46,47.62,10,21
20260413,2,GtqOGZOqIV,粗茶,C,-33.55,20,387,21.19,82,387,16.54,64,387,9.28,9,97,60.0,12,20,62.96,17,27,36.96,17,46,52.94,9,17
20260413,2,5c5ab738-0853-445d-8cfa-e5489e42a203,jin,C,+118.29,20,385,30.65,118,385,22.6,87,385,14.66,17,116,25.93,7,27,61.11,11,18,41.43,29,70,48.28,14,29
20260413,2,hig4fvwo_m,とーち,C,-26.53,20,358,25.14,90,358,19.27,69,358,10.71,12,112,65.22,15,23,61.11,11,18,28.89,13,45,61.54,8,13
20260413,2,SrJdWlcNBY,RYOTA,C,-55.72,20,337,18.1,61,337,13.06,44,337,11.9,10,84,77.78,7,9,33.33,4,12,29.03,9,31,44.44,4,9
20260413,2,ZzPjBrJeSm,roi,C,-256.67,20,330,25.45,84,330,19.39,64,330,17.5,21,120,46.15,6,13,66.67,20,30,57.63,34,59,38.24,13,34
20260413,2,WeOKnoOueQ,HINANO,B,+154.52,20,329,27.96,92,329,22.8,75,329,24.73,23,93,68.18,15,22,71.43,20,28,44.23,23,52,60.87,14,23
20260413,2,69a63a1b-d32c-4594-bdef-5fd660661444,sultan.,C,-61.14,20,322,22.67,73,322,18.01,58,322,10.64,10,94,50.0,5,10,73.91,17,23,43.9,18,41,50.0,9,18
20260413,2,g0yui9LXM4,utos,B,-301.64,20,322,31.68,102,322,24.53,79,322,19.19,19,99,57.14,8,14,48.0,12,25,35.85,19,53,31.58,6,19
20260413,2,bqEtnO6wX9,つー,C,+185.11,20,285,24.91,71,285,17.19,49,285,10.0,10,100,18.18,2,11,53.33,8,15,44.19,19,43,52.63,10,19
20260413,2,wO4Vw2dQ8t,イナズマKすけ,C,-28.22,20,276,22.1,61,276,18.84,52,276,18.18,14,77,75.0,9,12,17.65,3,17,48.28,14,29,57.14,8,14
20260413,2,mXg0a8r7as,Fuku,B,-47.9,20,266,22.93,61,266,17.29,46,266,26.67,16,60,50.0,3,6,42.86,6,14,26.67,8,30,50.0,4,8
20260413,2,WjqaCs8A5o,ばどえあー,B,-14.56,20,251,20.32,51,251,15.14,38,251,7.23,6,83,66.67,4,6,35.29,6,17,29.03,9,31,66.67,6,9
20260413,2,TkMT4agdsh,alfort,C,-129.22,20,239,25.1,60,239,20.08,48,239,20.0,14,70,22.22,2,9,60.0,12,20,48.65,18,37,50.0,9,18
20260413,2,cS0TbNKfbn,Takatobi,C,+175.06,20,225,27.56,62,225,23.56,53,225,22.41,13,58,69.23,9,13,52.63,10,19,41.94,13,31,53.85,7,13
20260413,2,6weTfFBYpF,ほたるいか,C,+46.38,20,174,17.82,31,174,14.94,26,174,19.44,7,36,71.43,5,7,61.54,8,13,38.89,7,18,71.43,5,7
20260413,2,4d81b2a2-661e-469e-aa93-f16655f79215,N_ene,C,-82.6,20,159,44.65,71,159,39.62,63,159,40.48,17,42,72.22,13,18,47.62,10,21,54.05,20,37,50.0,10,20
20260413,2,7n59-giX1P,るも,C,+115.52,20,155,22.58,35,155,20.65,32,155,20.45,9,44,100.0,5,5,36.36,4,11,21.43,3,14,66.67,2,3
20260413,2,30a66b4c-40ef-4b06-997f-d6699c7f4abf,reene,C,+186.1,20,137,38.69,53,137,35.04,48,137,31.91,15,47,36.36,4,11,75.0,15,20,28.57,8,28,50.0,4,8
20260413,2,nBDoNSY8n2,MIU,C,+15.44,20,113,20.35,23,113,15.04,17,113,13.89,5,36,0.0,0,2,71.43,5,7,40.0,6,15,33.33,2,6
20260413,2,kVKTrcl3ld,Futa,B,-87.94,20,75,26.67,20,75,21.33,16,75,8.33,2,24,33.33,1,3,33.33,2,6,41.67,5,12,0.0,0,5
20260413,2,yOGROR9-hE,ワイエム,C,+7.83,20,74,45.95,34,74,12.16,9,74,3.85,1,26,25.0,1,4,0.0,0,2,53.57,15,28,40.0,6,15
20260413,2,t7MdS6sSCT,satoru,C,-7.61,20,57,28.07,16,57,19.3,11,57,15.38,2,13,0.0,0,1,60.0,3,5,36.36,4,11,50.0,2,4
20260413,2,s_7Utr4tDi,それいゆ るな,C,+9.6,20,47,36.17,17,47,19.15,9,47,9.09,1,11,100.0,1,1,0.0,0,3,20.0,2,10,50.0,1,2
20260413,2,Oc04ITRF7i,waho,C,-68.7,20,27,18.52,5,27,11.11,3,27,16.67,1,6,100.0,1,1,100.0,2,2,0.0,0,4,0.0,0,0
20260413,2,XaClitYV1x,らねおか,B,+18.77,20,21,19.05,4,21,19.05,4,21,0.0,0,2,0.0,0,0,50.0,1,2,100.0,2,2,100.0,2,2
20260413,2,EN9N_Z9A78,ぼくだよ,C,-20.09,20,12,41.67,5,12,33.33,4,12,25.0,1,4,0.0,0,0,0.0,0,0,0.0,0,2,0.0,0,0
20260413,2,O1ujh7Dkxd,shunta,C,-5,20,7,14.29,1,7,0.0,0,7,0.0,0,5,0.0,0,0,0.0,0,0,0.0,0,1,0.0,0,0
20260420,2,b40c0fb4-0d63-4842-b999-25a9cffc7b79,揚げもっちー２,C,-271.64,20,540,20.37,110,540,16.48,89,540,16.56,25,151,61.9,13,21,53.57,15,28,26.79,15,56,33.33,5,15
20260420,2,X2HiN5-cFQ,ゴン02（江戸犬）,C,+349.58,20,527,17.46,92,527,14.61,77,527,10.59,18,170,56.0,14,25,64.29,18,28,39.62,21,53,66.67,14,21
20260420,2,byYrvu0Qdy,ElNino,B,-104.63,20,509,22.59,115,509,19.25,98,509,16.79,22,131,52.17,12,23,68.57,24,35,42.37,25,59,44.0,11,25
20260420,2,Sc5KlYAPzP,mo’,C,+55.84,20,448,22.54,101,448,18.3,82,448,16.53,20,121,46.67,7,15,44.83,13,29,28.85,15,52,26.67,4,15
20260420,2,r1CBe6Qe79,なんでやねん,B,+156.47,20,448,23.88,107,448,18.75,84,448,11.61,13,112,86.36,19,22,53.33,16,30,38.18,21,55,61.9,13,21
20260420,2,DZezvMNAJy,Noram,B,-247.47,20,436,26.15,114,436,19.27,84,436,14.29,15,105,52.38,11,21,41.94,13,31,28.17,20,71,40.0,8,20
20260420,2,k5rEzFp2MR,arash!,B,+77.87,20,355,24.51,87,355,20.56,73,355,13.41,11,82,55.56,10,18,53.57,15,28,32.61,15,46,40.0,6,15
20260420,2,DXrWVNkdav,TNT,B,+22.08,20,352,34.66,122,352,25.57,90,352,26.88,25,93,40.0,6,15,62.5,20,32,49.3,35,71,57.14,20,35
20260420,2,vdNIJNJGUU,すとふぁ,C,+351.33,20,351,23.65,83,351,19.37,68,351,23.08,18,78,75.0,6,8,50.0,14,28,41.3,19,46,42.11,8,19
20260420,2,bqEtnO6wX9,つー,C,+168.44,20,350,22.57,79,350,17.14,60,350,6.86,7,102,60.0,9,15,56.25,9,16,35.0,14,40,50.0,7,14
20260420,2,Oo-rx1G24B,GIL RAIM,C,-88.99,20,345,26.67,92,345,15.65,54,345,11.22,11,98,25.0,2,8,38.89,7,18,37.1,23,62,60.87,14,23
20260420,2,WtIP2AbI23,ノガード,C,+147.72,20,334,21.86,73,334,19.16,64,334,8.04,9,112,66.67,12,18,38.89,7,18,28.57,8,28,62.5,5,8
20260420,2,hig4fvwo_m,とーち,C,-198.82,20,332,24.7,82,332,19.28,64,332,16.16,16,99,75.0,9,12,59.09,13,22,31.82,14,44,50.0,7,14
20260420,2,j_3joKfzS9,takatony,B,+10.02,20,321,21.81,70,321,17.13,55,321,11.22,11,98,66.67,10,15,64.71,11,17,50.0,18,36,38.89,7,18
20260420,2,b7sgMo_M-5,konasho,B,+67.91,20,292,22.26,65,292,17.47,51,292,12.5,13,104,87.5,7,8,61.11,11,18,30.3,10,33,70.0,7,10
20260420,2,4d81b2a2-661e-469e-aa93-f16655f79215,N_ene,C,-326.57,20,256,44.92,115,256,39.06,100,256,25.93,21,81,60.0,12,20,72.97,27,37,45.61,26,57,42.31,11,26
20260420,2,5c5ab738-0853-445d-8cfa-e5489e42a203,jin,C,-169.01,20,228,32.02,73,228,25.44,58,228,34.09,15,44,15.38,2,13,66.67,12,18,40.0,16,40,31.25,5,16
20260420,2,nPiUhQEVMi,かいる,B,-59,20,225,28.89,65,225,18.67,42,225,10.81,8,74,75.0,3,4,57.89,11,19,18.6,8,43,50.0,4,8
20260420,2,g0yui9LXM4,utos,B,+163.93,20,218,26.61,58,218,20.18,44,218,17.11,13,76,40.0,4,10,69.23,9,13,46.67,14,30,42.86,6,14
20260420,2,4kHSZklLpK,teish,C,-93.51,20,175,16.57,29,175,13.14,23,175,9.62,5,52,33.33,1,3,20.0,1,5,63.64,7,11,42.86,3,7
20260420,2,rhUBwDuHCf,konishi,B,-251.24,20,168,18.45,31,168,14.29,24,168,9.76,4,41,25.0,2,8,80.0,4,5,62.5,10,16,20.0,2,10
20260420,2,UHNPbgw1ue,okbokujo,C,+74.22,20,167,25.15,42,167,16.77,28,167,14.86,11,74,60.0,3,5,71.43,5,7,18.18,4,22,75.0,3,4
20260420,2,WjqaCs8A5o,ばどえあー,B,-125.86,20,151,21.19,32,151,16.56,25,151,9.3,4,43,100.0,8,8,50.0,6,12,15.79,3,19,66.67,2,3
20260420,2,ZzPjBrJeSm,roi,C,-92.58,20,142,19.01,27,142,11.27,16,142,8.62,5,58,66.67,2,3,60.0,3,5,43.75,7,16,42.86,3,7
20260420,2,mXg0a8r7as,Fuku,B,-46.07,20,136,29.41,40,136,22.06,30,136,31.03,9,29,66.67,2,3,66.67,8,12,33.33,8,24,62.5,5,8
20260420,2,iBhJbKViQ_,おかピー,C,+69.06,20,121,23.97,29,121,19.83,24,121,8.82,3,34,33.33,2,6,36.36,4,11,23.53,4,17,50.0,2,4
20260420,2,yOGROR9-hE,ワイエム,C,-124.59,20,99,53.54,53,99,17.17,17,99,2.56,1,39,0.0,0,6,0.0,0,4,50.0,23,46,43.48,10,23
20260420,2,cS0TbNKfbn,Takatobi,C,+1.99,20,91,20.88,19,91,15.38,14,91,15.79,3,19,50.0,2,4,50.0,3,6,50.0,6,12,66.67,4,6
20260420,2,WeOKnoOueQ,HINANO,B,+35.2,20,84,26.19,22,84,17.86,15,84,14.29,3,21,100.0,5,5,50.0,2,4,27.27,3,11,66.67,2,3
20260420,2,wO4Vw2dQ8t,イナズマKすけ,C,-140.74,20,66,16.67,11,66,15.15,10,66,9.09,2,22,0.0,0,0,80.0,4,5,50.0,3,6,33.33,1,3
20260420,2,GtqOGZOqIV,粗茶,C,+3.46,20,46,32.61,15,46,21.74,10,46,10.0,2,20,0.0,0,0,40.0,2,5,40.0,4,10,50.0,2,4
20260420,2,yHZrsG6l5j,sigma,C,+14.62,20,35,28.57,10,35,25.71,9,35,16.67,2,12,100.0,1,1,100.0,3,3,50.0,2,4,100.0,2,2
20260420,2,EI0h9NvLRP,いっせ,B,+3.16,20,19,15.79,3,19,15.79,3,19,0.0,0,5,100.0,1,1,100.0,1,1,0.0,0,1,0.0,0,0
20260420,2,TkMT4agdsh,alfort,C,+0.13,20,18,16.67,3,18,16.67,3,18,12.5,1,8,0.0,0,0,50.0,1,2,33.33,1,3,100.0,1,1
20260420,2,QBTw2JRIw5,Ramune,B,+0.51,20,13,23.08,3,13,15.38,2,13,0.0,0,4,0.0,0,0,100.0,2,2,0.0,0,3,0.0,0,0
20260427,2,k5rEzFp2MR,arash!,B,+44.88,20,368,27.99,103,368,21.2,78,368,10.91,12,110,66.67,12,18,63.64,14,22,48.0,24,50,50.0,12,24
20260427,2,b7sgMo_M-5,konasho,B,+4.15,20,366,19.95,73,366,17.76,65,366,10.45,14,134,66.67,10,15,57.14,12,21,31.25,10,32,70.0,7,10
20260427,2,WtIP2AbI23,ノガード,C,+33.87,20,360,21.67,78,360,18.61,67,360,10.53,12,114,55.56,5,9,66.67,18,27,37.5,15,40,60.0,9,15
20260427,2,X2HiN5-cFQ,ゴン02（江戸犬）,C,-1.66,20,347,27.67,96,347,23.34,81,347,15.49,22,142,71.43,10,14,59.09,13,22,33.33,14,42,42.86,6,14
20260427,2,Sc5KlYAPzP,mo’,C,+155.15,20,339,23.6,80,339,18.88,64,339,15.38,16,104,80.0,8,10,52.17,12,23,40.0,16,40,56.25,9,16
20260427,2,Oo-rx1G24B,GIL RAIM,C,-168.93,20,332,27.71,92,332,18.67,62,332,15.48,13,84,10.0,1,10,40.0,10,25,45.16,28,62,35.71,10,28
20260427,2,byYrvu0Qdy,ElNino,B,-273.2,20,274,20.8,57,274,17.15,47,274,12.31,8,65,50.0,7,14,47.37,9,19,39.39,13,33,30.77,4,13
20260427,2,bqEtnO6wX9,つー,C,+73.56,20,247,21.86,54,247,16.19,40,247,6.25,6,96,77.78,7,9,86.67,13,15,19.35,6,31,66.67,4,6
20260427,2,nPiUhQEVMi,かいる,B,+81.57,20,207,24.15,50,207,19.32,40,207,8.62,5,58,81.82,9,11,46.15,6,13,44.0,11,25,54.55,6,11
20260427,2,cS0TbNKfbn,Takatobi,C,-140.16,20,190,18.95,36,190,16.84,32,190,8.93,5,56,100.0,5,5,53.85,7,13,47.06,8,17,37.5,3,8
20260427,2,ZzPjBrJeSm,roi,C,-14.28,20,187,32.62,61,187,24.06,45,187,24.0,18,75,40.0,2,5,50.0,7,14,50.0,17,34,52.94,9,17
20260427,2,5E5VYl6oOU,ねくと,C,-114.35,20,184,26.63,49,184,21.2,39,184,15.38,8,52,57.14,4,7,80.0,8,10,28.57,6,21,50.0,3,6
20260427,2,gG60J3OV2j,Hibari,C,-63.76,20,180,25.0,45,180,21.11,38,180,15.56,7,45,20.0,1,5,62.5,10,16,34.62,9,26,55.56,5,9
20260427,2,QK8nAFN9E2,カイン,C,+13.57,20,169,27.81,47,169,17.16,29,169,6.12,3,49,42.86,3,7,33.33,2,6,34.62,9,26,77.78,7,9
20260427,2,g0yui9LXM4,utos,B,-18.28,20,151,33.11,50,151,25.17,38,151,12.77,6,47,64.29,9,14,100.0,6,6,37.5,9,24,22.22,2,9
20260427,2,r1CBe6Qe79,なんでやねん,B,+70.66,20,149,28.19,42,149,20.13,30,149,6.12,3,49,75.0,3,4,37.5,3,8,31.82,7,22,57.14,4,7
20260427,2,DXrWVNkdav,TNT,B,+135.49,20,113,48.67,55,113,41.59,47,113,51.52,17,33,11.11,1,9,69.23,9,13,43.33,13,30,53.85,7,13
20260427,2,WjqaCs8A5o,ばどえあー,B,+19.88,20,99,19.19,19,99,16.16,16,99,3.7,1,27,28.57,2,7,50.0,2,4,45.45,5,11,80.0,4,5
20260427,2,mXg0a8r7as,Fuku,B,-82.94,20,70,30.0,21,70,27.14,19,70,30.0,3,10,33.33,1,3,22.22,2,9,28.57,4,14,25.0,1,4
20260427,2,wO4Vw2dQ8t,イナズマKすけ,C,-18.1,20,33,12.12,4,33,9.09,3,33,0.0,0,7,100.0,1,1,0.0,0,1,50.0,1,2,0.0,0,1
20260427,2,605b96e3-56ed-49d6-aef9-361b116cb682,レモン,C,-18.23,20,14,35.71,5,14,21.43,3,14,0.0,0,6,0.0,0,0,0.0,0,0,0.0,0,2,0.0,0,0
20260427,2,rhUBwDuHCf,konishi,B,+11.45,20,12,33.33,4,12,33.33,4,12,0.0,0,2,50.0,1,2,0.0,0,0,0.0,0,1,0.0,0,0
20260427,2,t7MdS6sSCT,satoru,C,-7.7,20,7,42.86,3,7,28.57,2,7,33.33,1,3,0.0,0,1,100.0,1,1,0.0,0,3,0.0,0,0
20260427,2,yHZrsG6l5j,sigma,C,0,20,6,16.67,1,6,16.67,1,6,0.0,0,4,0.0,0,0,0.0,0,0,0.0,0,0,0.0,0,0
