session_date,season_id,player_id,プレイヤー,リーグ,収支,bb_size,ハンド数,VPIP,VPIP_hands,PFR,PFR_hands,3bet,3bet_hands,Fold to 3bet,Fold to 3bet_hands,CB,CB_hands,WTSD,WTSD_hands,W$SD,W$SD_hands
20260202,1,WeOKnoOueQ,hinano,C,-1574,20,151,49.01,151,31.79,151,15.38,52,62.5,8,61.54,13,38.71,31,50.0,12
20260202,1,t7MdS6sSCT,satoru,C,+3518,20,146,27.4,146,19.18,146,10.94,64,50.0,4,36.36,11,40.91,22,66.67,9
20260202,1,XaClitYV1x,らねおか,C,+499,20,138,30.43,138,19.57,138,8.62,58,66.67,9,14.29,7,33.33,15,80.0,5
20260202,1,3liBhfdN10,揚げもち,C,+3310,20,135,30.37,135,24.44,135,12.0,50,66.67,3,46.15,13,60.0,20,75.0,12
20260202,1,y4bVPCJM4_,なかい,C,-943,20,132,16.67,132,9.85,132,1.64,61,50.0,6,50.0,2,9.09,11,100.0,1
20260202,1,O2b7zy1-XM,SetsunaTrip,C,+907,20,129,24.81,129,19.38,129,5.66,53,50.0,8,60.0,10,38.89,18,42.86,7
20260202,1,D0RgrTLvZk,Yu.,C,+10,20,127,29.92,127,22.83,127,10.91,55,100.0,8,40.0,10,47.06,17,75.0,8
20260202,1,vdNIJNJGUU,すとふぁ,C,+1236,20,126,26.98,126,21.43,126,8.0,50,50.0,6,87.5,8,17.65,17,100.0,3
20260202,1,r1CBe6Qe79,なんでやねん,C,-1065,20,124,35.48,124,25.81,124,14.89,47,57.14,7,28.57,7,25.0,16,25.0,4
20260202,1,MqZu0oArm3,小鳥遊ひいろ,C,+693,20,122,21.31,122,13.93,122,1.92,52,33.33,3,50.0,4,42.86,14,50.0,6
20260202,1,BZCdwuhpMU,実力の若林,C,+755,20,116,35.34,116,23.28,116,8.7,46,25.0,4,33.33,9,45.45,22,50.0,10
20260202,1,X2HiN5-cFQ,ゴン02（江戸犬）,C,-4511,20,114,32.46,114,25.44,114,10.81,37,33.33,6,80.0,5,61.54,13,37.5,8
20260202,1,QBTw2JRIw5,Ramune,C,+1726,20,114,27.19,114,19.3,114,6.67,45,66.67,6,50.0,6,33.33,12,75.0,4
20260202,1,OOnwSL9TFS,つだピもん,C,-517,20,113,27.43,113,15.04,113,9.3,43,100.0,3,100.0,1,44.44,9,25.0,4
20260202,1,EN9N_Z9A78,ぼくだよ,C,-273,20,112,28.57,112,20.54,112,10.87,46,50.0,4,63.64,11,22.22,18,75.0,4
20260202,1,j_3joKfzS9,takatony,C,-2227,20,112,29.46,112,22.32,112,15.91,44,66.67,3,28.57,7,13.33,15,0.0,2
20260202,1,yokMVzYG_q,AontheRiver,C,+4186,20,112,40.18,112,30.36,112,12.5,40,87.5,8,61.54,13,22.22,18,100.0,4
20260202,1,MI-fYAoFiY,ゆうま,C,-490,20,112,24.11,112,17.86,112,2.22,45,100.0,5,62.5,8,7.69,13,0.0,1
20260202,1,wE-EPOxf9q,宇宙１のたっちゃん,C,-8975,20,110,43.64,110,24.55,110,16.28,43,42.86,7,46.15,13,37.5,32,33.33,12
20260202,1,GtqOGZOqIV,粗茶,C,-905,20,109,29.36,109,22.94,109,13.51,37,50.0,6,53.85,13,23.81,21,60.0,5
20260202,1,cS0TbNKfbn,Takatobi,C,+183,20,108,27.78,108,19.44,108,11.63,43,50.0,4,66.67,9,20.0,15,33.33,3
20260202,1,7htETinMJU,MAX,C,-86,20,105,16.19,105,12.38,105,13.21,53,0.0,1,25.0,4,12.5,8,100.0,1
20260202,1,hetGK5oIn4,yoh,C,-1008,20,104,17.31,104,12.5,104,6.0,50,50.0,6,80.0,5,9.09,11,100.0,1
20260202,1,tOQgx5q4M5,こうちゃん,C,-2521,20,103,20.39,103,18.45,103,8.51,47,40.0,5,72.73,11,28.57,14,25.0,4
20260202,1,3FatmzAl-m,Kuni,C,+1052,20,103,36.89,103,23.3,103,19.57,46,0.0,0,77.78,9,36.36,22,50.0,8
20260202,1,zz83sIdu2k,りく,C,-441,20,102,48.04,102,35.29,102,22.73,44,40.0,5,66.67,15,27.59,29,37.5,8
20260202,1,g0yui9LXM4,utos,C,+2319,20,101,43.56,101,30.69,101,13.16,38,60.0,5,81.82,11,25.0,20,20.0,5
20260202,1,6weTfFBYpF,ほたるいか,C,+1145,20,97,28.87,97,19.59,97,14.63,41,25.0,4,75.0,4,18.18,11,50.0,2
20260202,1,tqB-r6hdq9,shunsuke11,C,-1350,20,91,29.67,91,20.88,91,14.29,35,100.0,2,50.0,10,21.43,14,66.67,3
20260202,1,zFXBMUEx_N,わんわん,C,+2090,20,91,36.26,91,24.18,91,8.0,25,75.0,4,57.14,7,46.15,13,66.67,6
20260202,1,A9xvP3DhlS,mega,C,-2455,20,89,32.58,89,16.85,89,15.15,33,0.0,2,75.0,4,20.0,20,25.0,4
20260202,1,H_d68jYO9T,コロリ,C,+1505,20,87,29.89,87,22.99,87,0.0,34,40.0,5,33.33,6,30.0,10,33.33,3
20260202,1,TOznNDIpCr,あい,C,-2580,20,87,26.44,87,19.54,87,14.63,41,50.0,2,71.43,7,35.71,14,20.0,5
20260202,1,s_7Utr4tDi,それいゆ るな,C,+2055,20,87,40.23,87,24.14,87,7.69,39,50.0,4,50.0,8,17.39,23,75.0,4
20260202,1,kVKTrcl3ld,Futa,C,+590,20,86,27.91,86,16.28,86,8.11,37,0.0,3,83.33,6,18.75,16,33.33,3
20260202,1,j2dIJuodA7,hanzo,C,+375,20,86,29.07,86,22.09,86,8.57,35,60.0,5,54.55,11,23.53,17,75.0,4
20260202,1,iBhJbKViQ_,おかピー,C,-158,20,85,42.35,85,30.59,85,8.82,34,60.0,5,100.0,8,41.18,17,28.57,7
20260202,1,YkRLv6Nf7r,27,C,+245,20,84,26.19,84,20.24,84,11.11,36,60.0,5,28.57,7,50.0,10,60.0,5
20260202,1,HZmCRZd6SG,Neku,C,+665,20,81,23.46,81,19.75,81,14.29,35,100.0,3,33.33,6,0.0,8,0.0,0
20260202,1,sYruTEJ8Uw,Mazzo,C,+1096,20,81,34.57,81,19.75,81,13.79,29,0.0,1,71.43,7,17.65,17,100.0,3
20260202,1,DZezvMNAJy,Noram,C,+151,20,80,26.25,80,17.5,80,0.0,34,33.33,3,0.0,8,21.43,14,66.67,3
20260202,1,QK8nAFN9E2,カイン,C,-1095,20,80,31.25,80,12.5,80,4.88,41,100.0,2,0.0,2,27.78,18,20.0,5
20260202,1,b7sgMo_M-5,konasho,C,+905,20,80,26.25,80,18.75,80,17.5,40,100.0,2,80.0,5,36.36,11,75.0,4
20260202,1,-zWKG5L3i7,-TOMO-,C,+73,20,79,43.04,79,32.91,79,24.0,25,33.33,3,12.5,8,43.75,16,42.86,7
20260202,1,byYrvu0Qdy,ElNino,C,+3436,20,79,31.65,79,20.25,79,3.85,26,0.0,2,85.71,7,33.33,15,60.0,5
20260202,1,lQ2rbwu868,ケイン寿司,C,-2756,20,79,21.52,79,10.13,79,2.86,35,0.0,1,0.0,3,0.0,11,0.0,0
20260202,1,26v7hSw7Sn,わた,C,+1846,20,79,34.18,79,22.78,79,12.9,31,33.33,3,66.67,6,37.5,16,83.33,6
20260202,1,hig4fvwo_m,とーち,C,-445,20,79,27.85,79,20.25,79,9.38,32,0.0,1,87.5,8,28.57,14,25.0,4
20260202,1,cpr364TXsN,くま,C,+269,20,79,21.52,79,16.46,79,7.14,28,100.0,4,80.0,5,25.0,8,50.0,2
20260202,1,DrGOt1cq1y,Jongo,C,+480,20,79,32.91,79,25.32,79,6.9,29,80.0,5,40.0,5,33.33,9,66.67,3
20260202,1,9kBl9X8tEm,だいすけ,C,-687,20,78,28.21,78,17.95,78,3.7,27,33.33,3,0.0,2,9.09,11,100.0,1
20260202,1,g6iLEQsU67,makoh,C,-1505,20,78,24.36,78,17.95,78,6.9,29,0.0,2,83.33,6,36.36,11,25.0,4
20260202,1,7x5MHOv7Oo,yutorse,C,-1165,20,78,33.33,78,25.64,78,8.0,25,100.0,2,83.33,6,38.46,13,20.0,5
20260202,1,xOaP7PB88A,sokun777,C,+1864,20,76,30.26,76,18.42,76,13.33,30,100.0,1,66.67,6,36.36,11,75.0,4
20260202,1,TkMT4agdsh,alfort,C,-1725,20,75,21.33,75,16.0,75,6.9,29,0.0,0,77.78,9,18.18,11,50.0,2
20260202,1,Oc04ITRF7i,waho,C,-219,20,75,32.0,75,25.33,75,19.23,26,60.0,5,50.0,8,23.08,13,66.67,3
20260202,1,cSNEDiUvjX,nekosaki,C,+567,20,74,20.27,74,12.16,74,4.0,25,0.0,0,0.0,2,42.86,7,66.67,3
20260202,1,rhUBwDuHCf,konishi,C,+51,20,74,13.51,74,12.16,74,5.88,34,100.0,2,100.0,4,40.0,5,50.0,2
20260202,1,8IgjF6KI_P,tomo0428,C,+2114,20,74,41.89,74,29.73,74,20.69,29,28.57,7,75.0,4,21.43,14,33.33,3
20260202,1,5v7PwEvIAz,Kay,C,+210,20,70,31.43,70,20.0,70,11.76,34,100.0,2,80.0,5,9.09,11,100.0,1
20260202,1,9W903vxPw_,そふとくりーむ,C,-1501,20,69,30.43,69,24.64,69,6.9,29,50.0,4,75.0,4,37.5,8,66.67,3
20260202,1,ioqGYIb5SY,tomoyuki,C,+111,20,68,30.88,68,13.24,68,4.0,25,100.0,1,33.33,3,25.0,12,66.67,3
20260202,1,Kyu60mEERY,Sabosuke,C,-540,20,68,19.12,68,13.24,68,8.33,24,100.0,1,50.0,2,20.0,5,100.0,1
20260202,1,yEOnuJcBZo,Rabbit900,C,+454,20,67,28.36,67,20.9,67,7.41,27,0.0,3,42.86,7,45.45,11,60.0,5
20260202,1,nPiUhQEVMi,かいる,C,+673,20,67,28.36,67,16.42,67,10.0,30,0.0,3,25.0,4,33.33,12,50.0,4
20260202,1,FxzN600G3r,はせがえる,C,-400,20,66,50.0,66,34.85,66,21.74,23,50.0,2,62.5,8,25.0,16,50.0,4
20260202,1,Xa_1dhYEV4,Lemon,C,+360,20,66,13.64,66,6.06,66,0.0,30,66.67,3,0.0,0,16.67,6,100.0,1
20260202,1,Q0mo0HjOtt,Shingo,C,-34,20,65,24.62,65,15.38,65,3.57,28,100.0,2,66.67,3,41.67,12,60.0,5
20260202,1,wO4Vw2dQ8t,イナズマKすけ,C,-2398,20,64,26.56,64,18.75,64,12.5,24,25.0,4,75.0,4,16.67,12,50.0,2
20260202,1,WABAdHmLRW,たりくまる,C,-1660,20,63,49.21,63,25.4,63,4.55,22,0.0,2,55.56,9,39.13,23,33.33,9
20260202,1,0QyEE5Hc9o,常盤木いつき,C,+481,20,61,24.59,61,16.39,61,12.0,25,0.0,3,25.0,4,75.0,12,55.56,9
20260202,1,6ybXdApWzf,icchi,C,-77,20,57,36.84,57,24.56,57,20.83,24,100.0,3,50.0,4,36.36,11,75.0,4
20260202,1,gG60J3OV2j,Hibari,C,+60,20,51,37.25,51,19.61,51,19.05,21,0.0,1,25.0,4,14.29,7,0.0,1
20260202,1,vVo9VdBVBm,するたん,C,-417,20,50,24.0,50,18.0,50,15.0,20,0.0,0,66.67,3,75.0,4,0.0,3
20260202,1,uNHIhLxU5W,ゆっきーな,C,+5867,20,49,34.69,49,22.45,49,11.76,17,0.0,1,0.0,4,33.33,9,100.0,3
20260202,1,7n59-giX1P,るも,C,-620,20,49,36.73,49,30.61,49,21.05,19,50.0,2,57.14,7,20.0,10,100.0,2
20260202,1,stzdogxFRA,ミナっち,C,-328,20,48,35.42,48,22.92,48,16.67,18,0.0,1,100.0,3,40.0,10,25.0,4
20260202,1,WjqaCs8A5o,ばどえあー,C,+418,20,47,21.28,47,12.77,47,5.56,18,0.0,0,33.33,3,40.0,5,50.0,2
20260202,1,m6qcHTxJhX,siruneko,C,+295,20,44,15.91,44,15.91,44,10.53,19,50.0,2,100.0,3,0.0,4,0.0,0
20260202,1,_EAr7O2lyX,たろす,C,+163,20,41,19.51,41,14.63,41,5.56,18,0.0,1,33.33,3,33.33,6,100.0,2
20260202,1,2GlUDrVHSg,k.k,C,-457,20,40,55.0,40,30.0,40,13.33,15,66.67,3,50.0,4,50.0,12,16.67,6
20260202,1,SrJdWlcNBY,RYOTA,C,-119,20,40,32.5,40,22.5,40,23.08,13,100.0,1,50.0,4,57.14,7,50.0,4
20260202,1,Yg9-tEe5QH,cymx2724,C,-82,20,40,30.0,40,20.0,40,0.0,10,50.0,2,66.67,3,60.0,5,33.33,3
20260202,1,MCmjCniXJd,dismal,C,-937,20,40,45.0,40,20.0,40,6.67,15,0.0,3,100.0,1,33.33,9,66.67,3
20260202,1,0vKy_AgCXx,tknsn,C,+695,20,40,50.0,40,35.0,40,16.67,18,50.0,2,50.0,2,28.57,7,50.0,2
20260202,1,TVNlFwDOoe,KAWAUSO,C,-667,20,32,31.25,32,15.62,32,0.0,11,0.0,0,50.0,2,33.33,6,50.0,2
20260202,1,5bOqayAYt3,dny,C,-60,20,27,22.22,27,18.52,27,0.0,7,100.0,1,0.0,0,0.0,2,0.0,0
20260202,1,A-C0iUFfvO,塾長(びっとぶりっと),C,-1480,20,27,29.63,27,18.52,27,0.0,9,100.0,1,66.67,3,16.67,6,100.0,1
20260202,1,SsAkQq2Oa9,やましー,C,-295,20,26,34.62,26,19.23,26,8.33,12,0.0,0,50.0,2,16.67,6,0.0,1
20260202,1,jfd6Uaakn8,ジョニー,C,+40,20,12,33.33,12,16.67,12,0.0,5,0.0,0,0.0,0,0.0,0,0.0,0
20260202,1,lYH850EfPw,no,C,-1015,20,10,40.0,10,20.0,10,0.0,5,0.0,0,100.0,1,33.33,3,0.0,1
20260202,1,yHZrsG6l5j,sigma,C,+3040,20,9,33.33,9,22.22,9,25.0,4,100.0,1,0.0,0,100.0,2,100.0,2
20260202,1,lRMrY2rxFn,MSK,C,0,20,2,0.0,2,0.0,2,0.0,0,0.0,0,0.0,0,0.0,0,0.0,0
20260202,1,5ogXjv4ef9,ラスカル,C,-20,20,1,0.0,1,0.0,1,0.0,1,0.0,0,0.0,0,0.0,0,0.0,0
20260202,1,WtIP2AbI23,ノガード,C,0,20,1,0.0,1,0.0,1,0.0,0,0.0,0,0.0,0,0.0,0,0.0,0
20260209,1,iKNrGrbUkg,UMAUMA,C,-2798,20,437,27.69,437,17.16,437,7.06,170,80.0,10,48.15,27,28.07,57,43.75,16
20260209,1,vdNIJNJGUU,すとふぁ,C,-526,20,408,26.72,408,18.87,408,5.13,156,66.67,18,60.87,23,28.57,49,57.14,14
20260209,1,j_3joKfzS9,takatony,C,+6806,20,406,22.17,406,13.79,406,5.23,172,45.45,11,71.43,21,28.57,49,78.57,14
20260209,1,hetGK5oIn4,yoh,C,-4501,20,395,44.81,395,11.65,395,12.12,66,44.44,9,39.13,23,30.77,39,41.67,12
20260209,1,tqB-r6hdq9,shunsuke11,C,+3000,20,386,25.39,386,18.65,386,7.88,165,58.33,12,48.0,25,37.04,54,65.0,20
20260209,1,r1CBe6Qe79,なんでやねん,C,+1103,20,367,29.97,367,20.98,367,11.95,159,52.38,21,60.0,25,44.83,58,57.69,26
20260209,1,Yg9-tEe5QH,cymx2724,C,+4944,20,354,43.5,354,11.3,354,10.0,70,37.5,8,44.44,18,35.71,42,46.67,15
20260209,1,3liBhfdN10,揚げもち,C,-740,20,333,26.43,333,19.52,333,8.0,125,75.0,12,44.44,18,26.83,41,81.82,11
20260209,1,X2HiN5-cFQ,ゴン02（江戸犬）,C,+2715,20,328,26.22,328,17.99,328,11.43,140,44.44,9,42.31,26,38.0,50,57.89,19
20260209,1,yokMVzYG_q,AontheRiver,C,+6449,20,317,35.65,317,28.71,317,15.27,131,66.67,21,52.5,40,22.58,62,64.29,14
20260209,1,4_RBXVU9-k,翔斗,C,-3723,20,308,24.68,308,18.18,308,4.13,121,70.0,10,40.91,22,35.9,39,35.71,14
20260209,1,Oc04ITRF7i,waho,C,+1033,20,287,23.69,287,18.47,287,9.09,121,66.67,6,50.0,26,41.67,36,73.33,15
20260209,1,Xa_1dhYEV4,Lemon,C,+1297,20,283,28.27,283,15.55,283,8.4,119,80.0,5,55.56,18,29.41,51,60.0,15
20260209,1,k5rEzFp2MR,arash!,C,-3937,20,269,30.11,269,21.56,269,12.5,120,33.33,12,40.91,22,27.27,44,58.33,12
20260209,1,WeOKnoOueQ,HINANO,C,+3257,20,257,31.91,257,25.68,257,15.38,91,61.54,13,77.78,27,30.23,43,69.23,13
20260209,1,3FatmzAl-m,Kuni,C,-4745,20,254,41.73,254,25.98,254,15.04,113,43.75,16,73.33,15,35.59,59,33.33,21
20260209,1,MI-fYAoFiY,ゆうま,C,-970,20,236,25.0,236,16.1,236,6.67,105,100.0,6,66.67,15,24.14,29,42.86,7
20260209,1,QBTw2JRIw5,Ramune,C,+2952,20,233,24.03,233,16.31,233,11.46,96,33.33,9,41.67,12,34.48,29,40.0,10
20260209,1,yEOnuJcBZo,Rabbit900,C,+567,20,219,26.48,219,20.09,219,16.49,97,50.0,4,47.37,19,28.12,32,66.67,9
20260209,1,W_OnerqyAy,naruko,C,-7329,20,213,55.87,213,36.15,213,16.05,81,36.84,19,55.0,20,31.75,63,30.0,20
20260209,1,YkRLv6Nf7r,27,C,+2587,20,207,25.6,207,19.32,207,10.47,86,85.71,7,47.06,17,24.0,25,66.67,6
20260209,1,cCFXQyltQ-,engawa,C,-1113,20,190,29.47,190,17.89,190,7.95,88,30.0,10,57.14,14,31.58,38,16.67,12
20260209,1,XqrTiXnRSu,APO,C,+2663,20,189,45.5,189,17.46,189,9.68,62,37.5,8,66.67,15,41.3,46,78.95,19
20260209,1,j2dIJuodA7,hanzo,C,+4235,20,181,33.15,181,23.2,181,10.47,86,58.33,12,50.0,18,18.42,38,57.14,7
20260209,1,6weTfFBYpF,ほたるいか,C,-1122,20,178,25.84,178,17.42,178,12.66,79,0.0,6,45.45,11,28.57,28,62.5,8
20260209,1,sYruTEJ8Uw,Mazzo,C,-4961,20,177,30.51,177,20.34,177,16.88,77,25.0,4,83.33,12,31.03,29,44.44,9
20260209,1,DZezvMNAJy,Noram,C,-3455,20,172,23.84,172,18.6,172,10.13,79,37.5,8,60.0,10,33.33,21,42.86,7
20260209,1,DrGOt1cq1y,Jongo,C,-1512,20,170,24.71,170,20.0,170,12.66,79,75.0,4,61.54,13,15.0,20,33.33,3
20260209,1,wO4Vw2dQ8t,イナズマKすけ,C,-2422,20,168,27.38,168,20.24,168,11.43,70,60.0,5,61.11,18,31.03,29,55.56,9
20260209,1,byYrvu0Qdy,ElNino,C,+3042,20,164,40.24,164,25.61,164,13.11,61,83.33,6,82.35,17,34.29,35,58.33,12
20260209,1,fyjEJaUFUd,をにぎり,C,+1156,20,158,39.87,158,25.32,158,14.67,75,50.0,4,64.71,17,28.95,38,36.36,11
20260209,1,yHZrsG6l5j,sigma,C,-1296,20,158,29.75,158,17.72,158,3.08,65,62.5,8,40.0,10,50.0,26,46.15,13
20260209,1,DXrWVNkdav,TNT,C,+1827,20,154,50.0,154,30.52,154,16.67,60,71.43,7,61.11,18,34.04,47,50.0,16
20260209,1,xOaP7PB88A,sokun777,C,-1848,20,153,30.07,153,19.61,153,3.17,63,40.0,5,50.0,10,17.39,23,25.0,4
20260209,1,O2b7zy1-XM,SetsunaTrip,C,+1886,20,153,29.41,153,19.61,153,12.31,65,83.33,6,41.67,12,45.83,24,63.64,11
20260209,1,Oo-rx1G24B,GIL RAIM,C,+3362,20,152,43.42,152,26.32,152,12.7,63,42.86,7,73.33,15,26.19,42,36.36,11
20260209,1,nPiUhQEVMi,かいる,C,+73,20,142,25.35,142,19.72,142,13.73,51,100.0,6,46.67,15,36.36,22,75.0,8
20260209,1,TkMT4agdsh,alfort,C,-2006,20,140,19.29,140,12.86,140,7.35,68,50.0,6,37.5,8,41.18,17,28.57,7
20260209,1,MCmjCniXJd,dismal,C,+589,20,139,30.94,139,17.27,139,5.26,57,100.0,2,86.67,15,34.38,32,36.36,11
20260209,1,8IgjF6KI_P,tomo0428,C,-4260,20,137,33.58,137,23.36,137,14.52,62,20.0,5,64.29,14,24.0,25,50.0,6
20260209,1,26v7hSw7Sn,わた,C,+2178,20,137,45.26,137,29.93,137,19.3,57,60.0,10,62.5,16,42.11,38,56.25,16
20260209,1,SrJdWlcNBY,RYOTA,C,-1507,20,135,26.67,135,16.3,135,7.69,52,100.0,5,77.78,9,11.76,17,50.0,2
20260209,1,0QyEE5Hc9o,常盤木いつき,C,-21,20,134,30.6,134,23.88,134,8.62,58,85.71,7,50.0,10,10.53,19,0.0,2
20260209,1,XaClitYV1x,らねおか,C,+717,20,133,25.56,133,15.04,133,3.64,55,66.67,3,37.5,8,33.33,21,85.71,7
20260209,1,cS0TbNKfbn,Takatobi,C,+536,20,130,40.0,130,30.77,130,16.28,43,38.46,13,35.71,14,44.83,29,38.46,13
20260209,1,6DX7hOo5Ri,てつ,C,-1066,20,126,42.06,126,28.57,126,18.37,49,57.14,7,75.0,16,42.86,28,50.0,12
20260209,1,hig4fvwo_m,とーち,C,-4226,20,123,26.02,123,21.14,123,5.56,54,40.0,5,100.0,9,40.0,20,50.0,8
20260209,1,nxKtWVcmeY,北ふくろー,C,-214,20,121,36.36,121,16.53,121,0.0,49,75.0,4,63.64,11,25.93,27,57.14,7
20260209,1,7htETinMJU,MAX,C,+1073,20,120,19.17,120,15.0,120,8.93,56,75.0,4,30.0,10,31.25,16,80.0,5
20260209,1,cpr364TXsN,くま,C,-407,20,119,21.85,119,15.13,119,7.84,51,40.0,5,75.0,4,33.33,12,25.0,4
20260209,1,vVo9VdBVBm,するたん,C,+457,20,115,31.3,115,26.96,115,12.5,48,75.0,8,12.5,8,21.43,14,100.0,3
20260209,1,nBDoNSY8n2,MIU,C,+748,20,113,27.43,113,20.35,113,8.89,45,0.0,0,33.33,9,58.82,17,80.0,10
20260209,1,0vKy_AgCXx,tknsn,C,+1118,20,109,25.69,109,18.35,109,6.98,43,66.67,3,40.0,10,5.88,17,0.0,1
20260209,1,b7sgMo_M-5,konasho,C,+2008,20,107,23.36,107,19.63,107,12.2,41,50.0,6,100.0,8,50.0,12,66.67,6
20260209,1,EhpMamj_1G,kyntama,C,+2800,20,105,25.71,105,20.95,105,9.52,42,80.0,5,57.14,7,18.18,11,100.0,2
20260209,1,upQSzf-M-C,TOMO(),C,+332,20,104,28.85,104,21.15,104,7.69,39,100.0,2,37.5,8,14.29,14,50.0,2
20260209,1,WjqaCs8A5o,ばどえあー,C,+409,20,102,23.53,102,13.73,102,6.0,50,66.67,3,50.0,4,50.0,12,50.0,6
20260209,1,H_d68jYO9T,コロリ,C,0,20,95,32.63,95,23.16,95,11.11,36,75.0,4,42.86,7,23.53,17,50.0,4
20260209,1,SQgoIV_H58,けーたさん,C,-60,20,93,22.58,93,13.98,93,8.11,37,0.0,0,75.0,8,15.38,13,50.0,2
20260209,1,9kBl9X8tEm,だいすけ,C,-3120,20,93,22.58,93,12.9,93,5.0,40,0.0,1,75.0,4,57.14,14,0.0,8
20260209,1,SztbQ-wHxN,日経平均終値,C,+1230,20,90,35.56,90,21.11,90,9.38,32,57.14,7,33.33,9,14.29,21,100.0,3
20260209,1,7n59-giX1P,るも,C,-501,20,87,21.84,87,19.54,87,16.22,37,0.0,3,50.0,10,16.67,12,50.0,2
20260209,1,TVNlFwDOoe,KAWAUSO,C,-1262,20,87,34.48,87,26.44,87,16.13,31,33.33,6,81.82,11,40.0,20,50.0,8
20260209,1,6EXZrOgNuV,ふじ,C,-887,20,86,16.28,86,10.47,86,10.53,38,0.0,1,40.0,5,27.27,11,33.33,3
20260209,1,QwyEWJtSb1,ElvinSmith,C,+269,20,82,35.37,82,28.05,82,20.0,30,66.67,6,60.0,10,53.33,15,50.0,8
20260209,1,m6qcHTxJhX,siruneko,C,+3518,20,80,27.5,80,18.75,80,6.9,29,60.0,5,75.0,4,18.18,11,100.0,2
20260209,1,I42BI18xq3,zozozo,C,+5653,20,78,35.9,78,17.95,78,9.38,32,20.0,5,33.33,3,30.0,20,83.33,6
20260209,1,BZCdwuhpMU,実力の若林,C,+482,20,75,40.0,75,20.0,75,11.11,27,100.0,3,100.0,4,42.86,14,50.0,6
20260209,1,16f983i6Dk,なゆき,C,-2395,20,72,48.61,72,27.78,72,13.33,30,0.0,2,66.67,9,24.0,25,33.33,6
20260209,1,4kHSZklLpK,teish,C,-193,20,71,19.72,71,15.49,71,17.39,23,0.0,2,66.67,3,20.0,5,0.0,1
20260209,1,UHNPbgw1ue,okbokujo,C,-2759,20,70,28.57,70,15.71,70,4.0,25,50.0,2,40.0,5,38.46,13,40.0,5
20260209,1,yOGROR9-hE,ワイエム,C,+424,20,64,32.81,64,10.94,64,4.17,24,50.0,2,0.0,5,31.58,19,83.33,6
20260209,1,QK8nAFN9E2,カイン,C,-930,20,61,31.15,61,14.75,61,4.17,24,66.67,3,0.0,0,14.29,7,0.0,1
20260209,1,kVKTrcl3ld,Futa,C,+215,20,61,22.95,61,13.11,61,5.0,20,0.0,1,25.0,4,50.0,8,50.0,4
20260209,1,-WgKDrZMvL,mo',C,+1125,20,57,15.79,57,12.28,57,12.5,24,0.0,1,50.0,2,25.0,4,100.0,1
20260209,1,mXg0a8r7as,Fuku,C,-3882,20,54,31.48,54,20.37,54,16.0,25,33.33,3,100.0,4,30.0,10,33.33,3
20260209,1,NTr_pi-AHh,BJshin,C,-3808,20,53,64.15,53,41.51,53,25.0,16,33.33,3,75.0,4,28.57,14,25.0,4
20260209,1,EN9N_Z9A78,ぼくだよ,C,-1850,20,52,25.0,52,19.23,52,12.0,25,50.0,4,50.0,2,33.33,6,0.0,2
20260209,1,HZmCRZd6SG,Neku,C,-160,20,50,30.0,50,18.0,50,16.0,25,100.0,1,0.0,1,16.67,6,100.0,1
20260209,1,iBhJbKViQ_,おかピー,C,-126,20,49,40.82,49,32.65,49,5.26,19,60.0,5,57.14,7,36.36,11,50.0,4
20260209,1,SsAkQq2Oa9,やましー,C,-373,20,43,25.58,43,13.95,43,0.0,16,50.0,4,50.0,2,33.33,6,0.0,2
20260209,1,bdhmMIP7G-,ごろうさん,C,+2210,20,43,51.16,43,41.86,43,40.0,20,50.0,2,85.71,7,42.86,14,50.0,6
20260209,1,n0s1KAOIRL,ころり,C,+1354,20,42,52.38,42,30.95,42,21.05,19,33.33,3,66.67,6,43.75,16,57.14,7
20260209,1,_1mfZ1y-M8,あーる,C,-28,20,42,45.24,42,28.57,42,6.67,15,0.0,2,66.67,3,11.11,9,0.0,1
20260209,1,7M6m0QCn4d,zawazawa,C,+87,20,38,23.68,38,21.05,38,12.5,24,0.0,0,60.0,5,42.86,7,100.0,3
20260209,1,s_7Utr4tDi,それいゆ るな,C,-650,20,28,57.14,28,35.71,28,9.09,11,0.0,2,66.67,3,20.0,10,50.0,2
20260209,1,WtIP2AbI23,ノガード,C,+1245,20,23,34.78,23,30.43,23,15.38,13,50.0,2,50.0,2,0.0,4,0.0,0
20260209,1,5E5VYl6oOU,ねくと,C,-781,20,21,38.1,21,23.81,21,12.5,8,100.0,1,33.33,3,40.0,5,0.0,2
20260209,1,JL0yn4eBi6,ヤステ,C,-630,20,19,15.79,19,10.53,19,0.0,9,100.0,1,0.0,0,50.0,2,0.0,1
20260209,1,sDxsghMy-B,kyntma,C,0,20,1,0.0,1,0.0,1,0.0,0,0.0,0,0.0,0,0.0,0,0.0,0
20260216,1,WeOKnoOueQ,HINANO,C,+7586,20,575,39.48,575,31.48,575,15.81,234,64.52,31,59.46,74,35.4,113,47.5,40
20260216,1,4kHSZklLpK,teish,C,-2975,20,536,28.54,536,20.34,536,10.34,232,61.54,26,50.0,42,25.0,76,52.63,19
20260216,1,tqB-r6hdq9,shunsuke11,C,+1684,20,482,28.01,482,19.5,482,11.17,206,68.75,16,46.43,28,37.5,56,57.14,21
20260216,1,r1CBe6Qe79,なんでやねん,C,+929,20,477,27.25,477,19.71,477,8.5,200,70.59,17,34.48,29,39.68,63,52.0,25
20260216,1,j_3joKfzS9,takatony,C,-1536,20,467,29.76,467,22.06,467,10.44,182,70.37,27,51.35,37,21.92,73,62.5,16
20260216,1,4_RBXVU9-k,翔斗,C,-1757,20,463,20.3,463,15.55,463,7.48,214,50.0,20,56.52,23,27.45,51,85.71,14
20260216,1,vdNIJNJGUU,すとふぁ,C,+552,20,463,28.51,463,20.52,463,7.39,203,53.33,15,62.5,40,31.08,74,56.52,23
20260216,1,QBTw2JRIw5,Ramune,C,+2440,20,418,24.88,418,17.22,418,9.04,166,47.06,17,75.0,24,32.08,53,58.82,17
20260216,1,3liBhfdN10,揚げもち,C,-3755,20,415,23.37,415,16.87,415,10.23,176,50.0,16,42.86,21,17.02,47,62.5,8
20260216,1,X2HiN5-cFQ,ゴン02（江戸犬）,C,+7111,20,382,34.29,382,22.25,382,8.97,156,83.33,18,54.55,33,44.29,70,64.52,31
20260216,1,Oc04ITRF7i,waho,C,-3959,20,376,24.2,376,17.82,376,4.49,156,50.0,8,32.0,25,42.55,47,40.0,20
20260216,1,cCFXQyltQ-,engawa,C,-1601,20,372,27.15,372,15.05,372,5.44,147,41.67,12,59.09,22,32.84,67,63.64,22
20260216,1,s_7Utr4tDi,それいゆ るな,C,-3858,20,364,29.12,364,15.11,364,6.1,164,36.36,11,41.67,24,39.19,74,48.28,29
20260216,1,D0RgrTLvZk,Yu.,C,+625,20,360,23.06,360,17.22,360,8.55,152,71.43,14,39.29,28,46.51,43,65.0,20
20260216,1,SztbQ-wHxN,日経平均終値,C,+1780,20,340,32.35,340,19.41,340,7.3,137,78.57,14,58.62,29,26.15,65,41.18,17
20260216,1,yEOnuJcBZo,Rabbit900,C,+169,20,327,29.66,327,21.71,327,11.72,128,61.54,13,43.75,16,30.0,40,58.33,12
20260216,1,k5rEzFp2MR,arash!,C,+1778,20,324,34.88,324,24.07,324,9.7,134,92.31,13,62.96,27,29.17,48,71.43,14
20260216,1,XaClitYV1x,らねおか,C,+2616,20,305,27.87,305,20.66,305,12.14,140,80.0,10,56.52,23,31.11,45,78.57,14
20260216,1,YkRLv6Nf7r,27,C,-5269,20,280,23.93,280,15.36,280,5.98,117,77.78,9,72.22,18,36.11,36,38.46,13
20260216,1,b7sgMo_M-5,konasho,C,+2970,20,266,27.82,266,20.3,266,9.71,103,50.0,6,33.33,18,31.71,41,84.62,13
20260216,1,n0s1KAOIRL,ころり,C,+1935,20,260,37.31,260,24.62,260,13.21,106,61.54,13,50.0,26,25.81,62,68.75,16
20260216,1,Xa_1dhYEV4,Lemon,C,+1125,20,252,29.76,252,17.06,252,9.01,111,80.0,5,66.67,24,39.66,58,56.52,23
20260216,1,MCmjCniXJd,dismal,C,-4263,20,248,39.52,248,25.81,248,15.69,102,55.56,9,91.67,24,18.87,53,40.0,10
20260216,1,3FatmzAl-m,Kuni,C,-5064,20,241,60.58,241,31.95,241,13.13,99,20.0,15,80.0,30,33.33,96,34.38,32
20260216,1,stzdogxFRA,ミナっち,C,+936,20,208,28.37,208,19.23,208,11.9,84,37.5,8,50.0,16,48.57,35,76.47,17
20260216,1,j2dIJuodA7,hanzo,C,-158,20,205,30.24,205,20.49,205,10.67,75,75.0,4,50.0,16,21.88,32,14.29,7
20260216,1,g0yui9LXM4,utos,C,+40,20,197,32.49,197,22.34,197,6.85,73,37.5,8,33.33,9,14.29,21,33.33,3
20260216,1,6N30cpGlP_,Ene,C,+757,20,196,29.08,196,22.45,196,10.67,75,66.67,6,37.5,8,37.5,16,66.67,6
20260216,1,DZezvMNAJy,Noram,C,-717,20,194,31.96,194,25.26,194,9.09,77,40.0,10,62.5,24,34.15,41,57.14,14
20260216,1,O2b7zy1-XM,SetsunaTrip,C,+1120,20,193,23.32,193,15.03,193,4.82,83,100.0,4,83.33,6,40.0,20,50.0,8
20260216,1,byYrvu0Qdy,ElNino,C,+4785,20,182,40.11,182,24.18,182,15.0,80,60.0,5,61.54,13,40.0,40,56.25,16
20260216,1,TkMT4agdsh,alfort,C,+2883,20,182,29.67,182,23.08,182,10.67,75,57.14,7,76.92,13,40.0,25,60.0,10
20260216,1,0QyEE5Hc9o,常盤木いつき,C,-2498,20,181,25.41,181,18.23,181,8.75,80,85.71,7,41.67,12,18.18,22,50.0,4
20260216,1,nPiUhQEVMi,かいる,C,-468,20,181,24.86,181,15.47,181,5.56,72,85.71,7,42.86,7,27.27,22,66.67,6
20260216,1,DrGOt1cq1y,Jongo,C,0,20,178,25.28,178,18.54,178,10.29,68,60.0,10,33.33,9,57.14,21,33.33,12
20260216,1,hig4fvwo_m,とーち,C,+3230,20,176,27.84,176,19.32,176,7.79,77,70.0,10,70.0,10,36.0,25,66.67,9
20260216,1,O1ujh7Dkxd,shunta,C,-868,20,174,26.44,174,17.82,174,7.69,78,33.33,6,50.0,10,12.9,31,0.0,4
20260216,1,zz83sIdu2k,りく,C,+2512,20,171,52.05,171,42.11,171,25.76,66,66.67,9,60.98,41,22.03,59,53.85,13
20260216,1,nBDoNSY8n2,MIU,C,-4774,20,170,34.71,170,20.59,170,7.81,64,40.0,5,50.0,14,42.86,35,33.33,15
20260216,1,nxKtWVcmeY,北ふくろー,C,-2657,20,168,35.12,168,21.43,168,7.5,80,60.0,10,57.14,7,14.29,28,25.0,4
20260216,1,ZzPjBrJeSm,roi,C,+3783,20,167,41.32,167,22.75,167,15.87,63,0.0,5,63.64,11,30.77,39,50.0,12
20260216,1,fyjEJaUFUd,をにぎり,C,-7096,20,156,35.9,156,21.15,156,9.09,66,18.18,11,45.45,11,18.42,38,71.43,7
20260216,1,9W903vxPw_,そふとくりーむ,C,-565,20,150,30.0,150,15.33,150,5.17,58,66.67,6,66.67,3,38.89,18,28.57,7
20260216,1,m6qcHTxJhX,siruneko,C,+2300,20,146,26.03,146,21.92,146,12.07,58,40.0,5,33.33,9,46.67,15,57.14,7
20260216,1,Bvxa5VV39S,piro,C,+1571,20,143,23.08,143,17.48,143,9.68,62,66.67,3,45.45,11,29.41,17,40.0,5
20260216,1,rhUBwDuHCf,konishi,C,+2836,20,135,17.78,135,11.11,135,5.56,54,0.0,1,66.67,6,46.15,13,33.33,6
20260216,1,Oo-rx1G24B,GIL RAIM,C,-5867,20,134,38.81,134,23.88,134,10.77,65,28.57,7,61.54,13,33.33,33,45.45,11
20260216,1,XqrTiXnRSu,APO,C,+3322,20,129,42.64,129,14.73,129,7.46,67,33.33,3,62.5,8,33.33,39,46.15,13
20260216,1,-QE9uKlHEU,kenyu,C,-1799,20,122,27.87,122,19.67,122,3.85,52,50.0,2,66.67,6,40.0,15,83.33,6
20260216,1,vVo9VdBVBm,するたん,C,+2672,20,112,31.25,112,23.21,112,10.2,49,50.0,6,60.0,10,33.33,18,50.0,6
20260216,1,Figi6mUf2R,Agu,C,+87,20,107,39.25,107,28.97,107,15.56,45,100.0,2,71.43,7,23.53,17,50.0,4
20260216,1,yOGROR9-hE,ワイエム,C,-3337,20,106,48.11,106,13.21,106,0.0,46,20.0,5,50.0,2,37.5,40,66.67,15
20260216,1,WjqaCs8A5o,ばどえあー,C,+2686,20,106,29.25,106,18.87,106,4.55,44,100.0,3,61.54,13,33.33,24,75.0,8
20260216,1,Yg9-tEe5QH,cymx2724,C,+139,20,102,23.53,102,17.65,102,6.67,45,100.0,4,50.0,4,50.0,10,40.0,5
20260216,1,DXrWVNkdav,TNT,C,-108,20,95,29.47,95,22.11,95,21.88,32,60.0,5,62.5,8,72.73,11,50.0,8
20260216,1,mXg0a8r7as,Fuku,C,+3961,20,76,30.26,76,15.79,76,0.0,33,50.0,2,57.14,7,45.0,20,66.67,9
20260216,1,BZCdwuhpMU,実力の若林,C,+968,20,76,27.63,76,14.47,76,13.79,29,66.67,3,50.0,2,30.0,10,66.67,3
20260216,1,WtIP2AbI23,ノガード,C,-282,20,74,41.89,74,32.43,74,18.18,33,100.0,4,40.0,5,11.11,9,100.0,1
20260216,1,upQSzf-M-C,TOMO(),C,-48,20,73,15.07,73,12.33,73,11.43,35,100.0,3,25.0,4,40.0,5,100.0,2
20260216,1,wO4Vw2dQ8t,イナズマKすけ,C,-119,20,71,26.76,71,19.72,71,3.57,28,100.0,3,0.0,5,50.0,8,75.0,4
20260216,1,kVKTrcl3ld,Futa,C,+2976,20,68,26.47,68,19.12,68,7.41,27,66.67,3,37.5,8,50.0,12,66.67,6
20260216,1,0vKy_AgCXx,tknsn,C,+313,20,65,26.15,65,16.92,65,4.55,22,50.0,2,80.0,5,27.27,11,66.67,3
20260216,1,FaQTC0bwNd,massan,C,+628,20,63,34.92,63,20.63,63,4.76,21,0.0,2,75.0,4,27.27,11,66.67,3
20260216,1,WCz-o4BU-5,dots,C,-1549,20,61,49.18,61,32.79,61,14.81,27,75.0,4,60.0,5,26.67,15,25.0,4
20260216,1,9kBl9X8tEm,だいすけ,C,-2715,20,51,25.49,51,15.69,51,10.53,19,0.0,0,25.0,4,37.5,8,0.0,3
20260216,1,I42BI18xq3,zozozo,C,+55,20,43,25.58,43,18.6,43,15.0,20,0.0,1,75.0,4,0.0,8,0.0,0
20260216,1,UHNPbgw1ue,okbokujo,C,-412,20,39,25.64,39,12.82,39,10.53,19,0.0,0,50.0,2,42.86,7,33.33,3
20260216,1,xS6UcJwLsG,Tommy,C,-3000,20,23,56.52,23,21.74,23,7.69,13,0.0,1,33.33,3,36.36,11,50.0,4
20260216,1,FxzN600G3r,はせがえる,C,-2852,20,12,66.67,12,50.0,12,50.0,6,0.0,2,100.0,2,42.86,7,66.67,3
20260223,1,yokMVzYG_q,AontheRiver,C,+9645,20,735,32.65,735,24.22,735,8.99,278,62.5,56,41.18,68,38.02,121,56.52,46
20260223,1,yEOnuJcBZo,Rabbit900,C,+702,20,657,28.31,657,22.37,657,13.36,292,64.29,28,55.77,52,29.07,86,64.0,25
20260223,1,j_3joKfzS9,takatony,C,+9936,20,597,20.77,597,16.08,597,5.14,214,56.25,32,59.09,22,28.3,53,73.33,15
20260223,1,WeOKnoOueQ,HINANO,C,+1174,20,546,37.0,546,27.29,546,18.41,239,63.16,19,55.36,56,36.36,99,36.11,36
20260223,1,X2HiN5-cFQ,ゴン02（江戸犬）,C,-6092,20,378,23.28,378,17.72,378,10.43,163,50.0,16,44.0,25,46.94,49,47.83,23
20260223,1,O2b7zy1-XM,SetsunaTrip,C,+509,20,338,29.59,338,22.19,338,7.64,144,73.68,19,37.5,24,34.04,47,81.25,16
20260223,1,O1ujh7Dkxd,shunta,C,+357,20,338,23.08,338,14.2,338,2.05,146,75.0,12,40.0,20,43.48,46,65.0,20
20260223,1,GtqOGZOqIV,粗茶,C,+60,20,297,25.25,297,18.86,297,11.63,129,42.86,7,50.0,22,27.78,36,60.0,10
20260223,1,_kLNausMBV,安室,C,+3584,20,295,25.76,295,19.32,295,8.06,124,69.23,13,57.89,19,29.41,34,60.0,10
20260223,1,b7sgMo_M-5,konasho,C,-473,20,289,26.64,289,18.69,289,9.17,120,71.43,7,63.16,19,48.57,35,58.82,17
20260223,1,-WgKDrZMvL,mo',C,-2056,20,288,27.43,288,20.83,288,8.11,111,88.89,9,30.43,23,25.64,39,40.0,10
20260223,1,TkMT4agdsh,alfort,C,-1627,20,285,29.47,285,17.54,285,8.13,123,72.73,11,62.5,16,38.1,42,50.0,16
20260223,1,3liBhfdN10,揚げもち,C,+1742,20,263,24.71,263,18.63,263,8.4,119,55.56,9,40.0,15,46.67,30,50.0,14
20260223,1,g0yui9LXM4,utos,C,+462,20,243,37.86,243,29.22,243,25.44,114,54.55,11,73.91,23,26.19,42,36.36,11
20260223,1,Q0mo0HjOtt,Shingo,C,+657,20,230,28.26,230,16.96,230,4.49,89,62.5,8,30.0,10,25.93,27,42.86,7
20260223,1,5v7PwEvIAz,Kay,C,+2319,20,227,21.59,227,14.98,227,12.24,98,100.0,5,18.18,11,54.55,22,66.67,12
20260223,1,stzdogxFRA,ミナっち,C,+431,20,219,31.96,219,20.09,219,14.29,91,62.5,8,50.0,10,50.0,36,55.56,18
20260223,1,Oc04ITRF7i,waho,C,-1285,20,219,20.55,219,12.79,219,4.55,88,40.0,5,88.89,9,26.32,19,40.0,5
20260223,1,0Se4rsLO6v,スーカンツ,C,+532,20,214,23.36,214,16.82,214,15.29,85,60.0,5,54.55,11,50.0,24,50.0,12
20260223,1,QBTw2JRIw5,Ramune,C,+471,20,210,28.57,210,22.38,210,12.5,80,55.56,9,36.84,19,40.0,30,41.67,12
20260223,1,k5rEzFp2MR,arash!,C,-1667,20,201,32.34,201,23.88,201,13.89,72,80.0,5,87.5,16,20.69,29,33.33,6
20260223,1,Oo-rx1G24B,GIL RAIM,C,-1881,20,196,40.82,196,21.94,196,8.11,74,36.36,11,55.56,9,38.3,47,22.22,18
20260223,1,MI-fYAoFiY,ゆうま,C,+2992,20,186,26.34,186,17.74,186,6.94,72,100.0,3,45.45,11,30.0,20,83.33,6
20260223,1,s_7Utr4tDi,それいゆ るな,C,-3129,20,180,33.89,180,16.67,180,8.33,72,25.0,4,57.14,7,34.15,41,50.0,14
20260223,1,n0s1KAOIRL,ころり,C,-2283,20,177,30.51,177,16.95,177,4.29,70,57.14,7,53.33,15,13.89,36,60.0,5
20260223,1,upQSzf-M-C,TOMO(),C,+664,20,176,27.27,176,22.73,176,19.18,73,33.33,3,33.33,18,46.43,28,69.23,13
20260223,1,Yg9-tEe5QH,cymx2724,C,+565,20,175,26.29,175,16.57,175,8.11,74,66.67,6,45.45,11,26.92,26,57.14,7
20260223,1,DZezvMNAJy,Noram,C,+2839,20,165,36.97,165,24.85,165,9.52,63,100.0,11,29.41,17,37.04,27,60.0,10
20260223,1,bqEtnO6wX9,つー,C,-1212,20,156,30.77,156,20.51,156,5.56,54,50.0,10,75.0,4,35.0,20,28.57,7
20260223,1,byYrvu0Qdy,ElNino,C,-7955,20,154,31.82,154,23.38,154,9.59,73,42.86,7,73.33,15,31.25,32,40.0,10
20260223,1,26v7hSw7Sn,わた,C,+387,20,144,48.61,144,24.31,144,9.09,66,28.57,7,41.67,12,25.0,48,50.0,12
20260223,1,WtIP2AbI23,ノガード,C,-1259,20,138,39.86,138,29.71,138,14.55,55,81.82,11,60.0,10,31.82,22,42.86,7
20260223,1,EhpMamj_1G,kyntama,C,-640,20,137,28.47,137,21.17,137,5.56,54,50.0,6,30.0,10,45.0,20,33.33,9
20260223,1,m6qcHTxJhX,siruneko,C,+398,20,137,18.25,137,16.06,137,14.29,63,66.67,6,0.0,2,42.86,7,66.67,3
20260223,1,vdNIJNJGUU,すとふぁ,C,-1062,20,131,26.72,131,19.08,131,6.0,50,80.0,5,83.33,12,23.81,21,60.0,5
20260223,1,rhUBwDuHCf,konishi,C,+3414,20,123,27.64,123,22.76,123,15.56,45,33.33,6,50.0,8,50.0,14,85.71,7
20260223,1,WjqaCs8A5o,ばどえあー,C,+480,20,123,23.58,123,14.63,123,4.26,47,100.0,2,60.0,5,18.18,11,50.0,2
20260223,1,4GTkR8PieQ,takatobi,C,+872,20,120,29.17,120,20.0,120,13.64,44,75.0,4,38.46,13,40.91,22,66.67,9
20260223,1,mXg0a8r7as,Fuku,C,-4250,20,119,35.29,119,23.53,119,13.04,46,75.0,4,60.0,10,22.73,22,60.0,5
20260223,1,HZmCRZd6SG,Neku,C,+206,20,116,25.0,116,13.79,116,1.82,55,75.0,4,16.67,6,21.43,14,100.0,3
20260223,1,-QE9uKlHEU,kenyu,C,+175,20,115,33.04,115,18.26,115,6.9,58,50.0,4,33.33,6,31.58,19,66.67,6
20260223,1,nBDoNSY8n2,MIU,C,+128,20,111,27.93,111,13.51,111,15.22,46,0.0,0,50.0,8,54.55,22,58.33,12
20260223,1,-R7k1ogPyi,SHINJI1223,C,+1211,20,95,28.42,95,18.95,95,10.0,40,100.0,2,60.0,5,30.77,13,50.0,4
20260223,1,kVKTrcl3ld,Futa,C,+3813,20,85,23.53,85,15.29,85,2.78,36,40.0,5,60.0,5,35.71,14,80.0,5
20260223,1,9W903vxPw_,そふとくりーむ,C,-865,20,83,39.76,83,22.89,83,6.06,33,71.43,7,25.0,4,11.76,17,50.0,2
20260223,1,hig4fvwo_m,とーち,C,+444,20,78,26.92,78,20.51,78,17.65,34,100.0,2,100.0,6,20.0,10,50.0,2
20260223,1,0vKy_AgCXx,tknsn,C,-3098,20,74,28.38,74,17.57,74,0.0,25,100.0,2,20.0,5,14.29,14,50.0,2
20260223,1,-lzw3Qbe04,Dai,C,-2850,20,73,52.05,73,35.62,73,30.0,30,20.0,5,80.0,10,33.33,24,25.0,8
20260223,1,3FatmzAl-m,Kuni,C,+155,20,69,39.13,69,18.84,69,18.75,32,0.0,0,100.0,2,38.46,13,60.0,5
20260223,1,DXrWVNkdav,TNT,C,+479,20,67,37.31,67,28.36,67,15.15,33,75.0,4,75.0,4,40.0,10,75.0,4
20260223,1,ZzPjBrJeSm,roi,C,-5485,20,42,61.9,42,45.24,42,46.15,13,0.0,6,71.43,7,31.58,19,66.67,6
20260223,1,wO4Vw2dQ8t,イナズマKすけ,C,-281,20,39,25.64,39,15.38,39,5.0,20,0.0,0,50.0,2,33.33,6,50.0,2
20260223,1,Lx-JfyAGSv,Sky,C,-1855,20,38,36.84,38,23.68,38,21.43,14,0.0,0,42.86,7,45.45,11,20.0,5
20260223,1,XaClitYV1x,らねおか,C,+480,20,22,22.73,22,22.73,22,12.5,8,100.0,1,100.0,3,0.0,3,0.0,0
20260223,1,NnZvVXUwZ4,A.,C,-2000,20,2,50.0,2,50.0,2,0.0,0,0.0,1,0.0,0,0.0,1,0.0,0
20260302,1,yEOnuJcBZo,Rabbit900,C,+12232,20,663,37.1,663,27.15,663,17.37,236,64.52,31,50.85,59,35.85,106,65.79,38
20260302,1,yokMVzYG_q,AontheRiver,C,+3577,20,571,36.43,571,26.44,571,10.87,230,86.49,37,61.22,49,30.53,95,51.72,29
20260302,1,j_3joKfzS9,takatony,C,+3660,20,495,28.69,495,17.78,495,9.31,204,63.64,11,62.5,32,36.36,77,60.71,28
20260302,1,X2HiN5-cFQ,ゴン02（江戸犬）,C,+3030,20,454,25.99,454,18.5,454,7.85,191,52.94,17,76.0,25,32.69,52,52.94,17
20260302,1,3liBhfdN10,揚げもち,C,+3829,20,443,24.15,443,18.51,443,6.36,173,78.57,14,58.33,24,41.86,43,66.67,18
20260302,1,cCFXQyltQ-,engawa,C,-4441,20,402,35.32,402,21.95,401,12.43,185,19.05,21,55.17,29,25.88,85,50.0,22
20260302,1,O1ujh7Dkxd,shunta,C,-1616,20,373,23.86,373,14.48,373,5.33,150,60.0,10,35.29,17,38.64,44,52.94,17
20260302,1,WeOKnoOueQ,HINANO,C,+2734,20,358,41.9,358,29.61,358,12.23,139,61.9,21,58.97,39,35.14,74,50.0,26
20260302,1,YkRLv6Nf7r,27,C,-2586,20,287,35.54,287,28.22,287,14.96,127,28.57,14,54.76,42,37.1,62,47.83,23
20260302,1,DZezvMNAJy,Noram,C,+137,20,280,29.29,280,20.36,280,6.54,107,63.64,11,50.0,22,36.59,41,46.67,15
20260302,1,Oc04ITRF7i,waho,C,+7,20,265,25.66,265,17.74,265,8.16,98,85.71,7,40.0,15,31.03,29,44.44,9
20260302,1,tqB-r6hdq9,shunsuke11,C,-2645,20,256,29.3,256,19.53,256,14.16,113,57.14,7,50.0,18,33.33,33,36.36,11
20260302,1,9W903vxPw_,そふとくりーむ,C,-3980,20,250,27.2,250,18.0,250,8.0,100,55.56,9,50.0,14,30.3,33,70.0,10
20260302,1,b7sgMo_M-5,konasho,C,-954,20,248,33.06,248,20.16,248,10.59,85,63.16,19,47.37,19,37.5,40,53.33,15
20260302,1,vdNIJNJGUU,すとふぁ,C,-4837,20,245,24.9,245,17.55,245,8.93,112,44.44,9,64.71,17,48.57,35,47.06,17
20260302,1,r1CBe6Qe79,なんでやねん,C,-720,20,235,24.26,235,17.87,235,11.11,90,50.0,6,60.0,15,41.94,31,61.54,13
20260302,1,k5rEzFp2MR,arash!,C,+370,20,221,28.96,221,19.91,221,17.58,91,71.43,7,57.14,21,36.11,36,46.15,13
20260302,1,26v7hSw7Sn,わた,C,-6480,20,210,54.29,210,34.29,210,20.41,98,50.0,10,52.63,38,33.33,81,44.44,27
20260302,1,5v7PwEvIAz,Kay,C,-676,20,202,29.7,202,23.27,202,16.05,81,50.0,6,64.71,17,29.63,27,37.5,8
20260302,1,TkMT4agdsh,alfort,C,-352,20,202,29.21,202,20.3,202,8.33,72,20.0,5,25.0,12,33.33,33,63.64,11
20260302,1,nPiUhQEVMi,かいる,C,-606,20,190,21.05,190,14.74,190,11.9,84,75.0,4,42.86,7,37.5,16,16.67,6
20260302,1,-qEZ1CRvSu,miki,C,+1793,20,189,30.69,189,22.75,189,16.0,75,40.0,5,50.0,16,14.29,28,50.0,4
20260302,1,Bvxa5VV39S,piro,C,-3517,20,183,28.42,183,19.13,183,10.39,77,33.33,6,50.0,14,40.0,30,50.0,12
20260302,1,Oo-rx1G24B,GIL RAIM,C,-2038,20,182,29.67,182,19.78,182,4.48,67,55.56,9,70.0,10,36.36,22,75.0,8
20260302,1,bqEtnO6wX9,つー,C,-727,20,171,33.33,171,21.05,171,8.06,62,62.5,8,50.0,12,33.33,27,66.67,9
20260302,1,EI0h9NvLRP,いっせ,C,+5526,20,169,45.56,169,30.18,169,13.43,67,40.0,10,45.0,20,43.14,51,59.09,22
20260302,1,ZzPjBrJeSm,roi,C,-3906,20,168,45.24,168,20.24,168,9.86,71,42.86,7,71.43,7,46.94,49,52.17,23
20260302,1,WtIP2AbI23,ノガード,C,+1633,20,165,30.3,165,22.42,165,12.33,73,71.43,7,69.23,13,39.13,23,66.67,9
20260302,1,Q0mo0HjOtt,Shingo,C,+3085,20,152,27.63,152,21.05,152,5.36,56,83.33,6,22.22,9,35.29,17,50.0,6
20260302,1,Yg9-tEe5QH,cymx2724,C,-1309,20,150,24.0,150,14.0,150,10.91,55,57.14,7,42.86,7,5.56,18,100.0,1
20260302,1,hig4fvwo_m,とーち,C,-659,20,146,35.62,146,24.66,146,11.11,54,71.43,7,80.0,15,25.0,28,28.57,7
20260302,1,WjqaCs8A5o,ばどえあー,C,-168,20,134,31.34,134,26.87,134,10.91,55,80.0,5,45.45,11,50.0,16,50.0,8
20260302,1,QK8nAFN9E2,カイン,C,+1636,20,134,35.82,134,19.4,134,4.65,43,25.0,8,60.0,5,45.0,20,88.89,9
20260302,1,kVKTrcl3ld,Futa,C,-2351,20,132,23.48,132,12.88,132,4.26,47,66.67,3,50.0,6,53.33,15,50.0,8
20260302,1,SrJdWlcNBY,RYOTA,C,+3,20,129,38.76,129,24.03,129,7.84,51,100.0,5,27.27,11,28.57,21,50.0,6
20260302,1,byYrvu0Qdy,ElNino,C,+596,20,128,34.38,128,24.22,128,14.58,48,50.0,6,84.62,13,45.45,22,50.0,10
20260302,1,m6qcHTxJhX,siruneko,C,-1426,20,128,27.34,128,22.66,128,17.02,47,50.0,4,45.45,11,31.25,16,40.0,5
20260302,1,UHNPbgw1ue,okbokujo,C,-1356,20,121,40.5,121,19.01,121,6.0,50,57.14,7,50.0,10,37.84,37,78.57,14
20260302,1,fyjEJaUFUd,をにぎり,C,+618,20,119,39.5,119,22.69,119,7.84,51,44.44,9,55.56,9,37.14,35,30.77,13
20260302,1,Kyu60mEERY,Sabosuke,C,-1062,20,117,19.66,117,16.24,117,5.56,54,33.33,6,50.0,8,21.43,14,33.33,3
20260302,1,Xa_1dhYEV4,Lemon,C,+3105,20,117,20.51,117,10.26,117,0.0,54,0.0,2,14.29,7,41.18,17,100.0,7
20260302,1,5E5VYl6oOU,ねくと,C,+795,20,114,26.32,114,20.18,114,11.63,43,28.57,7,71.43,7,25.0,16,75.0,4
20260302,1,nBDoNSY8n2,MIU,C,+2462,20,113,29.2,113,16.81,113,10.42,48,66.67,3,80.0,5,31.58,19,83.33,6
20260302,1,XqrTiXnRSu,APO,C,-2550,20,109,48.62,109,24.77,109,10.64,47,28.57,7,58.33,12,38.89,36,28.57,14
20260302,1,rhUBwDuHCf,konishi,C,+1667,20,105,34.29,105,24.76,105,16.67,36,0.0,2,44.44,9,38.89,18,71.43,7
20260302,1,uNHIhLxU5W,ゆっきーな,C,+111,20,101,25.74,101,19.8,101,3.23,31,40.0,5,28.57,7,40.0,15,66.67,6
20260302,1,vVo9VdBVBm,するたん,C,+4656,20,99,35.35,99,20.2,99,9.76,41,50.0,2,33.33,9,35.0,20,85.71,7
20260302,1,WCz-o4BU-5,dots,C,-2340,20,98,22.45,98,11.22,98,6.45,31,100.0,2,80.0,5,15.38,13,50.0,2
20260302,1,mXg0a8r7as,Fuku,C,+589,20,92,29.35,92,16.3,92,13.89,36,33.33,3,62.5,8,28.57,14,25.0,4
20260302,1,afwX5VdcTj,はやと,C,-1040,20,83,20.48,83,12.05,83,6.06,33,100.0,3,0.0,2,16.67,6,100.0,1
20260302,1,0QyEE5Hc9o,常盤木いつき,C,-249,20,83,19.28,83,10.84,83,8.11,37,100.0,3,100.0,1,25.0,4,100.0,1
20260302,1,yOGROR9-hE,ワイエム,C,-1738,20,81,50.62,81,24.69,81,0.0,30,0.0,6,0.0,7,37.93,29,45.45,11
20260302,1,-R7k1ogPyi,SHINJI1223,C,-1374,20,77,36.36,77,24.68,77,8.57,35,50.0,4,57.14,7,37.5,16,33.33,6
20260302,1,DXrWVNkdav,TNT,C,-278,20,76,31.58,76,21.05,76,7.69,26,0.0,0,42.86,7,53.85,13,28.57,7
20260302,1,zz83sIdu2k,りく,C,-2447,20,73,43.84,73,36.99,73,24.14,29,60.0,5,77.78,9,43.75,16,42.86,7
20260302,1,wO4Vw2dQ8t,イナズマKすけ,C,-1128,20,60,35.0,60,23.33,60,20.0,20,100.0,1,40.0,10,41.67,12,20.0,5
20260302,1,-WgKDrZMvL,mo',C,+971,20,56,23.21,56,17.86,56,11.54,26,50.0,4,60.0,5,55.56,9,80.0,5
20260302,1,4WtCZIPG2x,タナカ,C,+1066,20,52,30.77,52,21.15,52,20.0,15,100.0,1,100.0,4,42.86,7,66.67,3
20260302,1,QWB-qkCzDu,Testes,C,+705,20,46,34.78,46,23.91,46,10.53,19,0.0,3,66.67,3,44.44,9,75.0,4
20260302,1,6N30cpGlP_,Ene,C,+1004,20,38,36.84,38,28.95,38,18.18,22,66.67,3,0.0,3,28.57,7,100.0,2
20260302,1,yHZrsG6l5j,sigma,C,-120,20,24,29.17,24,25.0,24,22.22,9,0.0,0,66.67,3,33.33,3,0.0,1
20260309,1,QBTw2JRIw5,Ramune,C,-4142,20,637,26.37,637,18.52,637,13.13,259,38.1,21,67.5,40,29.41,85,36.0,25
20260309,1,r1CBe6Qe79,なんでやねん,C,+1784,20,617,29.01,617,20.58,617,9.88,243,56.0,25,50.0,46,33.67,98,60.61,33
20260309,1,j_3joKfzS9,takatony,C,-5010,20,541,29.02,541,19.96,541,11.31,221,77.78,18,50.0,32,32.05,78,64.0,25
20260309,1,WeOKnoOueQ,HINANO,C,+3076,20,506,38.54,506,30.04,506,20.93,215,50.0,30,77.42,62,30.56,108,36.36,33
20260309,1,X2HiN5-cFQ,ゴン02（江戸犬）,C,+2458,20,416,28.61,416,21.88,416,9.64,166,61.54,26,56.67,30,35.85,53,68.42,19
20260309,1,g0yui9LXM4,utos,C,+5146,20,335,37.61,335,26.57,335,10.79,139,37.5,16,50.0,40,33.33,81,59.26,27
20260309,1,4_RBXVU9-k,翔斗,C,-510,20,330,17.27,330,12.73,330,6.29,143,50.0,12,81.25,16,28.57,35,70.0,10
20260309,1,MI-fYAoFiY,ゆうま,C,-2120,20,311,24.44,311,17.04,311,9.32,118,60.0,10,66.67,18,21.05,38,25.0,8
20260309,1,yEOnuJcBZo,Rabbit900,C,+1300,20,297,23.23,297,17.17,297,14.29,119,78.57,14,47.62,21,34.29,35,50.0,12
20260309,1,b7sgMo_M-5,konasho,C,+1533,20,257,26.46,257,22.96,257,7.61,92,64.29,14,57.14,21,46.67,30,64.29,14
20260309,1,nPiUhQEVMi,かいる,C,+1623,20,242,26.03,242,17.77,242,11.32,106,33.33,6,70.0,10,33.33,27,66.67,9
20260309,1,ZzPjBrJeSm,roi,C,-8905,20,241,57.26,241,31.54,241,11.22,98,20.0,20,40.62,32,40.2,102,39.02,41
20260309,1,cCFXQyltQ-,engawa,C,+563,20,220,32.73,220,21.82,220,9.52,84,60.0,10,75.0,16,44.19,43,57.89,19
20260309,1,-WgKDrZMvL,mo',C,-1561,20,209,32.54,209,24.4,209,13.7,73,44.44,9,75.0,12,14.29,21,100.0,3
20260309,1,QK8nAFN9E2,カイン,C,+545,20,209,27.27,209,13.4,209,1.33,75,66.67,9,11.11,9,41.18,34,57.14,14
20260309,1,DXrWVNkdav,TNT,C,+4895,20,203,40.39,203,28.08,203,14.81,81,75.0,8,71.43,21,31.58,38,66.67,12
20260309,1,nBDoNSY8n2,MIU,C,-1908,20,184,27.72,184,16.3,184,8.75,80,70.0,10,44.44,9,55.17,29,50.0,16
20260309,1,-R7k1ogPyi,SHINJI1223,C,+4877,20,182,29.12,182,20.88,182,5.88,68,44.44,9,63.64,11,37.04,27,80.0,10
20260309,1,DZezvMNAJy,Noram,C,-69,20,180,32.22,180,22.22,180,7.69,65,20.0,5,62.5,16,33.33,36,50.0,12
20260309,1,0c3gLD4eiE,NABO,C,-3033,20,173,29.48,173,21.39,173,15.94,69,75.0,4,58.33,12,30.43,23,28.57,7
20260309,1,m6qcHTxJhX,siruneko,C,+594,20,163,26.99,163,22.09,163,15.87,63,55.56,9,20.0,5,33.33,15,80.0,5
20260309,1,WtIP2AbI23,ノガード,C,-40,20,162,34.57,162,23.46,162,14.06,64,75.0,8,38.89,18,24.24,33,50.0,8
20260309,1,vVo9VdBVBm,するたん,C,+2301,20,150,22.67,150,16.0,150,6.45,62,50.0,4,57.14,7,36.84,19,85.71,7
20260309,1,26v7hSw7Sn,わた,C,-3882,20,150,46.67,150,34.67,150,33.33,54,16.67,12,71.43,14,23.08,39,44.44,9
20260309,1,hig4fvwo_m,とーち,C,+1748,20,141,29.08,141,20.57,141,8.77,57,71.43,7,63.64,11,23.81,21,100.0,5
20260309,1,SrJdWlcNBY,RYOTA,C,-2357,20,134,24.63,134,16.42,134,9.8,51,66.67,3,50.0,4,16.67,12,0.0,2
20260309,1,EI0h9NvLRP,いっせ,C,+930,20,131,33.59,131,21.37,131,9.09,44,37.5,8,60.0,10,34.48,29,40.0,10
20260309,1,TkMT4agdsh,alfort,C,-992,20,110,35.45,110,26.36,110,27.5,40,100.0,2,57.14,14,37.5,24,44.44,9
20260309,1,stzdogxFRA,ミナっち,C,-2551,20,103,33.98,103,21.36,103,7.32,41,66.67,3,85.71,7,54.55,22,25.0,12
20260309,1,0QyEE5Hc9o,常盤木いつき,C,-1541,20,96,21.88,96,16.67,96,4.88,41,40.0,5,66.67,6,27.27,11,66.67,3
20260309,1,mXg0a8r7as,Fuku,C,+2619,20,96,31.25,96,18.75,96,8.0,50,0.0,1,70.0,10,54.17,24,61.54,13
20260309,1,XaClitYV1x,らねおか,C,-600,20,94,26.6,94,17.02,94,6.67,45,50.0,6,62.5,8,26.32,19,40.0,5
20260309,1,bqEtnO6wX9,つー,C,+1460,20,92,29.35,92,18.48,92,6.82,44,0.0,2,33.33,9,55.0,20,63.64,11
20260309,1,byYrvu0Qdy,ElNino,C,+1434,20,91,20.88,91,12.09,91,10.42,48,0.0,0,80.0,5,63.64,11,71.43,7
20260309,1,kVKTrcl3ld,Futa,C,-381,20,72,30.56,72,23.61,72,8.33,24,100.0,3,44.44,9,14.29,14,50.0,2
20260309,1,3liBhfdN10,揚げもち,C,+1733,20,70,27.14,70,18.57,70,6.9,29,0.0,0,75.0,4,40.0,5,100.0,2
20260309,1,6N30cpGlP_,Ene,C,+3442,20,69,30.43,69,21.74,69,13.64,22,0.0,1,80.0,10,30.77,13,50.0,4
20260309,1,WjqaCs8A5o,ばどえあー,C,-501,20,68,19.12,68,14.71,68,6.06,33,66.67,3,33.33,3,0.0,7,0.0,0
20260309,1,0vKy_AgCXx,tknsn,C,-2470,20,66,30.3,66,21.21,66,4.76,21,100.0,1,0.0,5,25.0,8,0.0,2
20260309,1,sYruTEJ8Uw,Mazzo,C,+118,20,61,29.51,61,19.67,61,4.76,21,33.33,3,71.43,7,38.46,13,40.0,5
20260309,1,HZmCRZd6SG,Neku,C,+637,20,58,37.93,58,22.41,58,13.04,23,33.33,3,100.0,4,38.46,13,60.0,5
20260309,1,5v7PwEvIAz,Kay,C,+347,20,52,32.69,52,23.08,52,16.67,18,75.0,4,66.67,6,54.55,11,66.67,6
20260309,1,Xa_1dhYEV4,Lemon,C,+364,20,39,23.08,39,15.38,39,6.67,15,0.0,0,75.0,4,60.0,5,66.67,3
20260309,1,yOGROR9-hE,ワイエム,C,-3550,20,30,56.67,30,30.0,30,9.09,11,0.0,3,0.0,4,25.0,16,50.0,4
20260309,1,EN9N_Z9A78,ぼくだよ,C,+116,20,27,33.33,27,25.93,27,11.11,9,100.0,2,100.0,3,25.0,4,0.0,1
20260309,1,yHZrsG6l5j,sigma,C,-368,20,20,50.0,20,30.0,20,0.0,5,100.0,1,50.0,4,16.67,6,100.0,1
20260309,1,-qEZ1CRvSu,miki,C,+848,20,14,28.57,14,21.43,14,0.0,3,0.0,1,100.0,1,50.0,2,100.0,1
20260316,1,WeOKnoOueQ,HINANO,C,-513,20,520,35.38,520,27.5,520,10.19,206,60.0,25,43.86,57,35.79,95,44.12,34
20260316,1,j_3joKfzS9,takatony,C,-1742,20,513,25.73,513,20.08,513,7.46,201,52.63,19,60.0,30,37.7,61,69.57,23
20260316,1,yEOnuJcBZo,Rabbit900,C,-5561,20,482,15.56,482,10.37,482,7.48,214,20.0,10,45.83,24,29.17,48,57.14,14
20260316,1,-qEZ1CRvSu,miki,C,+4132,20,458,26.42,458,19.21,458,11.27,204,38.46,13,35.29,34,34.38,64,50.0,22
20260316,1,cCFXQyltQ-,engawa,C,-3333,20,440,25.23,440,16.59,440,8.56,187,61.54,13,52.63,19,43.4,53,39.13,23
20260316,1,k5rEzFp2MR,arash!,C,+2374,20,431,31.09,431,22.51,431,14.37,167,76.92,13,66.67,36,21.82,55,50.0,12
20260316,1,X2HiN5-cFQ,ゴン02（江戸犬）,C,-3244,20,389,29.56,389,22.37,389,9.43,159,64.71,17,53.85,39,31.51,73,60.87,23
20260316,1,O1ujh7Dkxd,shunta,C,-715,20,383,30.03,383,18.28,383,9.88,172,63.64,11,57.69,26,39.71,68,48.15,27
20260316,1,MqZu0oArm3,小鳥遊ひいろ,C,-214,20,369,26.56,369,18.97,369,8.21,134,66.67,12,30.77,26,34.0,50,58.82,17
20260316,1,3liBhfdN10,揚げもち,C,-2382,20,346,24.28,346,17.34,346,7.58,132,73.33,15,66.67,15,44.44,36,56.25,16
20260316,1,3FatmzAl-m,Kuni,C,+1785,20,344,42.73,344,20.93,344,12.18,156,62.5,8,71.43,28,35.92,103,45.95,37
20260316,1,tqB-r6hdq9,shunsuke11,C,+2340,20,248,33.87,248,25.81,248,17.31,104,75.0,8,52.94,17,34.38,32,72.73,11
20260316,1,uNHIhLxU5W,ゆっきーな,C,-1818,20,239,24.27,239,18.41,239,6.54,107,20.0,10,53.33,15,30.3,33,60.0,10
20260316,1,O2b7zy1-XM,SetsunaTrip,C,-1758,20,219,29.22,219,16.89,219,5.43,92,80.0,5,36.36,11,36.67,30,54.55,11
20260316,1,bqEtnO6wX9,つー,C,+727,20,213,30.05,213,23.0,213,11.96,92,66.67,9,85.71,14,20.0,30,33.33,6
20260316,1,byYrvu0Qdy,ElNino,C,+2625,20,211,32.23,211,22.27,211,7.32,82,100.0,5,80.0,10,16.67,24,75.0,4
20260316,1,b7sgMo_M-5,konasho,C,+169,20,168,27.38,168,14.88,168,5.56,72,100.0,3,36.36,11,30.43,23,71.43,7
20260316,1,WtIP2AbI23,ノガード,C,+146,20,168,30.36,168,21.43,168,14.86,74,55.56,9,14.29,7,45.0,20,66.67,9
20260316,1,DZezvMNAJy,Noram,C,+8105,20,164,32.32,164,23.17,164,8.45,71,28.57,7,40.0,20,38.24,34,69.23,13
20260316,1,EI0h9NvLRP,いっせ,C,-787,20,141,29.79,141,17.02,141,9.52,63,60.0,5,45.45,11,27.59,29,37.5,8
20260316,1,m6qcHTxJhX,siruneko,C,+1481,20,140,31.43,140,26.43,140,7.69,52,28.57,7,50.0,14,26.09,23,66.67,6
20260316,1,-R7k1ogPyi,SHINJI1223,C,+2098,20,135,37.04,135,28.15,135,15.79,57,57.14,7,54.55,11,33.33,21,85.71,7
20260316,1,nPiUhQEVMi,かいる,C,+402,20,130,26.15,130,16.92,130,2.38,42,71.43,7,85.71,7,33.33,12,25.0,4
20260316,1,hig4fvwo_m,とーち,C,+2224,20,128,24.22,128,18.75,128,9.09,55,85.71,7,66.67,6,50.0,12,50.0,6
20260316,1,EN9N_Z9A78,ぼくだよ,C,+600,20,123,33.33,123,26.83,123,22.22,45,54.55,11,46.15,13,45.0,20,66.67,9
20260316,1,DXrWVNkdav,TNT,C,-507,20,117,44.44,117,27.35,117,12.77,47,50.0,10,100.0,9,44.83,29,53.85,13
20260316,1,fyjEJaUFUd,をにぎり,C,+637,20,96,39.58,96,30.21,96,11.43,35,0.0,7,63.64,11,45.45,22,70.0,10
20260316,1,mXg0a8r7as,Fuku,C,+916,20,75,26.67,75,20.0,75,18.18,22,100.0,3,16.67,6,63.64,11,57.14,7
20260316,1,4_RBXVU9-k,翔斗,C,-613,20,73,23.29,73,17.81,73,3.7,27,50.0,4,42.86,7,40.0,10,25.0,4
20260316,1,-WgKDrZMvL,mo',C,-789,20,69,36.23,69,24.64,69,6.67,30,100.0,5,50.0,4,36.36,11,75.0,4
20260316,1,XqrTiXnRSu,APO,C,-3000,20,61,40.98,61,14.75,61,0.0,20,0.0,5,75.0,4,23.81,21,40.0,5
20260316,1,Xa_1dhYEV4,Lemon,C,+268,20,55,23.64,55,20.0,55,15.0,20,33.33,3,60.0,5,57.14,7,50.0,4
20260316,1,ZzPjBrJeSm,roi,C,-4832,20,46,52.17,46,39.13,46,26.09,23,0.0,4,85.71,7,23.53,17,25.0,4
20260316,1,kVKTrcl3ld,Futa,C,-280,20,44,34.09,44,20.45,44,10.0,20,66.67,3,33.33,3,10.0,10,0.0,1
20260316,1,5v7PwEvIAz,Kay,C,+4135,20,44,38.64,44,27.27,44,17.65,17,0.0,3,66.67,3,50.0,10,80.0,5
20260316,1,HZmCRZd6SG,Neku,C,+630,20,38,39.47,38,13.16,38,7.14,14,0.0,1,100.0,1,66.67,9,50.0,6
20260316,1,6N30cpGlP_,Ene,C,-2507,20,36,41.67,36,30.56,36,7.69,13,66.67,3,50.0,4,71.43,7,20.0,5
20260316,1,0QyEE5Hc9o,常盤木いつき,C,-1256,20,33,21.21,33,12.12,33,0.0,18,0.0,1,100.0,2,0.0,5,0.0,0
20260316,1,QK8nAFN9E2,カイン,C,+57,20,29,20.69,29,3.45,29,0.0,13,100.0,1,0.0,0,0.0,3,0.0,0
20260323,1,4kHSZklLpK,teish,C,+619,20,454,27.09,454,20.26,454,12.5,184,88.24,17,35.71,28,44.44,45,75.0,20
20260323,1,O1ujh7Dkxd,shunta,C,+2510,20,415,30.6,415,20.24,415,10.06,179,93.33,15,41.67,24,41.38,58,54.17,24
20260323,1,WeOKnoOueQ,HINANO,C,+4122,20,409,35.7,409,23.72,409,10.98,173,45.45,22,67.74,31,41.03,78,46.88,32
20260323,1,4_RBXVU9-k,翔斗,C,+5982,20,369,25.75,369,16.26,369,5.42,166,53.33,15,50.0,18,25.0,48,66.67,12
20260323,1,3liBhfdN10,揚げもち,C,-846,20,364,25.55,364,20.88,364,11.56,147,58.33,12,39.29,28,46.51,43,55.0,20
20260323,1,j_3joKfzS9,takatony,C,-5485,20,334,33.83,334,26.05,334,14.08,142,80.0,15,68.97,29,43.14,51,50.0,22
20260323,1,3FatmzAl-m,Kuni,C,+1587,20,324,48.15,324,27.78,324,10.87,138,33.33,27,71.43,28,38.24,102,48.72,39
20260323,1,r1CBe6Qe79,なんでやねん,C,-346,20,305,29.51,305,19.34,305,7.38,122,66.67,9,41.38,29,40.74,54,54.55,22
20260323,1,k5rEzFp2MR,arash!,C,-636,20,245,30.2,245,21.22,245,8.65,104,71.43,14,60.0,15,40.0,30,66.67,12
20260323,1,DZezvMNAJy,Noram,C,-2840,20,236,30.93,236,21.19,236,7.69,104,38.46,13,61.54,13,38.46,39,33.33,15
20260323,1,yEOnuJcBZo,Rabbit900,C,+1726,20,219,21.92,219,16.44,219,9.78,92,22.22,9,42.86,14,29.17,24,42.86,7
20260323,1,DXrWVNkdav,TNT,C,+717,20,215,47.91,215,36.28,215,18.82,85,80.0,10,78.26,23,27.5,40,54.55,11
20260323,1,6N30cpGlP_,Ene,C,-1646,20,205,26.83,205,20.49,205,9.89,91,50.0,10,28.57,14,29.63,27,25.0,8
20260323,1,X2HiN5-cFQ,ゴン02（江戸犬）,C,-2243,20,203,33.5,203,23.65,203,15.79,95,37.5,8,65.38,26,31.71,41,53.85,13
20260323,1,9kBl9X8tEm,だいすけ,C,+89,20,180,26.11,180,14.44,180,11.39,79,50.0,6,0.0,2,42.11,19,37.5,8
20260323,1,Oo-rx1G24B,GIL RAIM,C,+1545,20,180,32.78,180,18.33,180,5.56,72,0.0,5,42.86,21,47.92,48,47.83,23
20260323,1,-WgKDrZMvL,mo',C,+1761,20,153,24.18,153,17.65,153,6.15,65,62.5,8,33.33,12,47.37,19,33.33,9
20260323,1,WtIP2AbI23,ノガード,C,-2583,20,150,34.67,150,22.0,150,13.46,52,66.67,6,46.15,13,48.28,29,50.0,14
20260323,1,byYrvu0Qdy,ElNino,C,-86,20,147,31.29,147,22.45,147,9.62,52,42.86,7,50.0,12,44.0,25,63.64,11
20260323,1,EI0h9NvLRP,いっせ,C,+291,20,145,34.48,145,21.38,145,13.33,60,25.0,4,93.75,16,26.47,34,44.44,9
20260323,1,m6qcHTxJhX,siruneko,C,-1027,20,142,19.01,142,14.08,142,8.7,69,75.0,4,40.0,5,41.67,12,60.0,5
20260323,1,SrJdWlcNBY,RYOTA,C,-2885,20,134,26.12,134,18.66,134,8.33,60,66.67,9,75.0,4,21.43,14,66.67,3
20260323,1,bqEtnO6wX9,つー,C,+1545,20,133,33.83,133,21.8,133,3.64,55,100.0,3,61.54,13,29.17,24,71.43,7
20260323,1,26v7hSw7Sn,わた,C,-2029,20,122,57.38,122,47.54,122,36.73,49,18.18,11,78.95,19,39.39,33,30.77,13
20260323,1,vVo9VdBVBm,するたん,C,+3657,20,120,30.0,120,23.33,120,11.11,45,85.71,7,42.86,14,52.63,19,90.0,10
20260323,1,5v7PwEvIAz,Kay,C,-3049,20,113,24.78,113,15.04,113,4.26,47,50.0,2,37.5,8,26.32,19,60.0,5
20260323,1,HZmCRZd6SG,Neku,C,-374,20,110,40.91,110,26.36,110,10.42,48,100.0,4,90.0,10,30.43,23,42.86,7
20260323,1,9zseyWfctH,池田,C,+716,20,110,36.36,110,29.09,110,21.05,38,100.0,5,53.33,15,36.36,22,62.5,8
20260323,1,ZzPjBrJeSm,roi,C,-16,20,102,48.04,102,36.27,102,10.81,37,60.0,5,63.64,11,38.1,21,25.0,8
20260323,1,D0RgrTLvZk,Yu.,C,+4275,20,99,33.33,99,24.24,99,10.53,38,66.67,3,42.86,7,40.0,15,83.33,6
20260323,1,hig4fvwo_m,とーち,C,-861,20,98,20.41,98,15.31,98,2.17,46,0.0,1,71.43,7,21.43,14,0.0,3
20260323,1,Oc04ITRF7i,waho,C,-246,20,98,22.45,98,17.35,98,8.7,46,50.0,4,50.0,4,18.18,11,50.0,2
20260323,1,rhUBwDuHCf,konishi,C,-4225,20,94,40.43,94,26.6,94,11.43,35,20.0,5,50.0,8,33.33,18,50.0,6
20260323,1,QK8nAFN9E2,カイン,C,+946,20,92,28.26,92,16.3,92,10.87,46,100.0,1,42.86,7,53.33,15,62.5,8
20260323,1,cS0TbNKfbn,Takatobi,C,+598,20,87,36.78,87,27.59,87,11.43,35,100.0,6,28.57,7,28.57,14,25.0,4
20260323,1,mXg0a8r7as,Fuku,C,+2030,20,78,25.64,78,14.1,78,11.11,27,100.0,1,50.0,4,71.43,7,60.0,5
20260323,1,TkMT4agdsh,alfort,C,+1799,20,74,29.73,74,16.22,74,2.94,34,71.43,7,100.0,2,61.54,13,87.5,8
20260323,1,WjqaCs8A5o,ばどえあー,C,+528,20,64,29.69,64,20.31,64,9.09,22,0.0,2,20.0,5,71.43,7,40.0,5
20260323,1,stzdogxFRA,ミナっち,C,-2666,20,49,36.73,49,18.37,49,8.7,23,0.0,0,100.0,3,50.0,10,40.0,5
20260323,1,uNHIhLxU5W,ゆっきーな,C,-110,20,38,21.05,38,18.42,38,10.0,20,0.0,1,50.0,2,0.0,3,0.0,0
20260323,1,g0yui9LXM4,utos,C,-44,20,18,33.33,18,22.22,18,0.0,8,0.0,0,0.0,3,60.0,5,33.33,3
20260323,1,vdNIJNJGUU,すとふぁ,C,-2800,20,9,55.56,9,33.33,9,20.0,5,0.0,0,100.0,2,25.0,4,0.0,1
20260330,1,6N30cpGlP_,Ene,C,-943,20,885,33.56,885,23.05,885,11.43,385,43.24,37,57.97,69,29.86,144,53.49,43
20260330,1,4_RBXVU9-k,翔斗,C,+561,20,575,26.26,575,20.0,575,6.06,231,59.09,22,45.24,42,17.81,73,53.85,13
20260330,1,DZezvMNAJy,Noram,C,+3701,20,542,34.87,542,23.99,542,7.21,222,65.38,26,59.57,47,32.35,102,63.64,33
20260330,1,yokMVzYG_q,AontheRiver,C,-725,20,512,28.91,512,20.51,512,11.4,228,65.0,20,56.76,37,30.99,71,59.09,22
20260330,1,r1CBe6Qe79,なんでやねん,C,+1766,20,507,39.25,507,27.42,507,12.18,197,70.97,31,47.62,42,41.18,102,64.29,42
20260330,1,cCFXQyltQ-,engawa,C,+1052,20,408,29.9,408,19.61,408,9.83,173,66.67,15,56.52,23,28.79,66,42.11,19
20260330,1,yEOnuJcBZo,Rabbit900,C,+973,20,402,27.11,402,18.91,402,13.64,176,38.89,18,56.25,32,22.58,62,64.29,14
20260330,1,X2HiN5-cFQ,ゴン02（江戸犬）,C,-2092,20,363,33.88,363,24.52,363,14.38,153,73.33,15,46.43,28,24.59,61,46.67,15
20260330,1,hig4fvwo_m,とーち,C,-2038,20,319,28.21,319,19.12,319,8.66,127,60.0,10,53.85,26,31.91,47,33.33,15
20260330,1,O1ujh7Dkxd,shunta,C,-4435,20,286,30.07,286,18.18,286,8.94,123,66.67,12,23.53,17,28.57,49,50.0,14
20260330,1,WtIP2AbI23,ノガード,C,-2234,20,241,34.85,241,23.65,241,13.73,102,66.67,3,52.38,21,35.0,40,42.86,14
20260330,1,bqEtnO6wX9,つー,C,+1280,20,237,34.6,237,22.36,237,11.65,103,76.92,13,58.82,17,48.89,45,40.91,22
20260330,1,vdNIJNJGUU,すとふぁ,C,-5524,20,229,25.33,229,17.03,229,7.07,99,37.5,8,57.14,14,39.29,28,27.27,11
20260330,1,-WgKDrZMvL,mo',C,+309,20,194,28.35,194,19.07,194,8.33,84,83.33,6,25.0,12,25.0,24,50.0,6
20260330,1,mXg0a8r7as,Fuku,C,+1428,20,148,35.81,148,20.95,148,3.17,63,80.0,5,12.5,8,50.0,30,73.33,15
20260330,1,k5rEzFp2MR,arash!,C,+5281,20,136,26.47,136,19.12,136,10.94,64,75.0,4,50.0,12,31.58,19,50.0,6
20260330,1,DXrWVNkdav,TNT,C,+2566,20,128,39.84,128,29.69,128,14.0,50,66.67,6,60.0,15,26.92,26,71.43,7
20260330,1,nPiUhQEVMi,かいる,C,+2906,20,116,26.72,116,18.1,116,11.36,44,40.0,5,25.0,4,43.75,16,42.86,7
20260330,1,SrJdWlcNBY,RYOTA,C,+594,20,108,28.7,108,18.52,108,7.55,53,50.0,6,44.44,9,22.73,22,60.0,5
20260330,1,EI0h9NvLRP,いっせ,C,-175,20,106,36.79,106,22.64,106,12.82,39,80.0,5,40.0,5,11.76,17,50.0,2
20260330,1,cS0TbNKfbn,Takatobi,C,-1147,20,105,39.05,105,24.76,105,3.85,52,100.0,4,66.67,9,40.0,20,25.0,8
20260330,1,-qEZ1CRvSu,miki,C,-965,20,92,30.43,92,20.65,92,14.71,34,0.0,3,16.67,6,42.86,14,66.67,6
20260330,1,O2b7zy1-XM,SetsunaTrip,C,+498,20,89,29.21,89,23.6,89,5.56,36,66.67,3,55.56,9,50.0,12,50.0,6
20260330,1,5v7PwEvIAz,Kay,C,-2258,20,88,31.82,88,21.59,88,2.5,40,66.67,6,33.33,6,43.75,16,71.43,7
20260330,1,TkMT4agdsh,alfort,C,+3820,20,68,27.94,68,19.12,68,6.45,31,50.0,2,71.43,7,41.67,12,60.0,5
20260330,1,kVKTrcl3ld,Futa,C,-105,20,50,28.0,50,16.0,50,10.0,20,0.0,2,33.33,3,25.0,8,50.0,2
20260330,1,g0yui9LXM4,utos,C,-3000,20,46,43.48,46,32.61,46,12.5,16,100.0,1,57.14,7,20.0,10,50.0,2
20260330,1,QK8nAFN9E2,カイン,C,-955,20,45,40.0,45,22.22,45,7.69,26,0.0,0,33.33,6,30.77,13,25.0,4
20260330,1,ZzPjBrJeSm,roi,C,-3000,20,44,34.09,44,25.0,44,14.29,21,50.0,2,66.67,3,57.14,7,50.0,4
20260330,1,HZmCRZd6SG,Neku,C,-586,20,33,27.27,33,15.15,33,0.0,11,0.0,1,33.33,3,25.0,8,0.0,2
20260330,1,wO4Vw2dQ8t,イナズマKすけ,C,+475,20,28,32.14,28,21.43,28,11.11,9,0.0,0,50.0,4,20.0,5,100.0,1
20260413,2,j_3joKfzS9,takatony,B,+1200.2,20,677,19.94,677,14.92,677,13.04,184,66.67,33,62.96,27,28.77,73,52.38,21
20260413,2,X2HiN5-cFQ,ゴン02（江戸犬）,C,-528.8,20,674,22.4,674,18.1,674,9.6,198,55.0,20,58.7,46,38.82,85,51.52,33
20260413,2,QBTw2JRIw5,Ramune,B,+2093.8,20,632,21.04,632,16.3,632,12.74,157,61.9,21,47.73,44,33.33,81,51.85,27
20260413,2,r1CBe6Qe79,なんでやねん,B,-2394.2,20,572,24.48,572,18.36,572,17.42,178,87.5,24,37.14,35,40.54,74,43.33,30
20260413,2,byYrvu0Qdy,ElNino,B,+5028,20,569,23.2,569,17.22,569,18.35,158,41.18,17,61.54,39,39.24,79,51.61,31
20260413,2,Kyu60mEERY,Sabosuke,C,-1665,20,562,22.42,562,19.04,562,14.18,134,67.74,31,44.83,29,29.41,51,46.67,15
20260413,2,yEOnuJcBZo,Rabbit900,B,-10374.2,20,550,23.82,550,18.36,550,18.12,138,45.0,20,56.41,39,39.19,74,31.03,29
20260413,2,b7sgMo_M-5,konasho,B,-1755.4,20,525,21.9,525,16.76,525,10.53,190,77.14,35,60.0,20,36.0,50,16.67,18
20260413,2,-QE9uKlHEU,kenyu,C,-25.2,20,494,27.94,494,16.4,494,12.96,108,26.32,19,80.0,30,35.11,94,54.55,33
20260413,2,nPiUhQEVMi,かいる,B,+1014.6,20,482,21.16,482,16.6,482,12.5,128,37.5,16,70.97,31,43.33,60,53.85,26
20260413,2,DXrWVNkdav,TNT,B,-3463.8,20,462,40.26,462,28.35,462,20.0,155,57.69,26,69.77,43,37.74,106,60.0,40
20260413,2,-R7k1ogPyi,SHINJI1223,B,+5465.2,20,452,26.55,452,23.23,452,19.12,136,55.56,18,70.45,44,44.78,67,60.0,30
20260413,2,YkRLv6Nf7r,27,C,-6901.6,20,422,24.88,422,20.62,422,14.41,111,73.91,23,56.52,23,44.68,47,57.14,21
20260413,2,WtIP2AbI23,ノガード,C,+472.2,20,418,18.66,418,15.31,418,10.85,129,100.0,13,47.62,21,22.22,36,62.5,8
20260413,2,EI0h9NvLRP,いっせ,B,+1846.8,20,412,23.54,412,18.45,412,15.84,101,63.16,19,46.15,26,33.96,53,55.56,18
20260413,2,rhUBwDuHCf,konishi,B,-3588.2,20,398,20.1,398,15.08,398,13.64,110,57.14,7,56.52,23,45.65,46,47.62,21
20260413,2,GtqOGZOqIV,粗茶,C,-671,20,387,21.19,387,16.54,387,9.28,97,60.0,20,62.96,27,36.96,46,52.94,17
20260413,2,5c5ab738-0853-445d-8cfa-e5489e42a203,jin,C,+2365.8,20,385,30.65,385,22.6,385,14.66,116,25.93,27,61.11,18,41.43,70,48.28,29
20260413,2,hig4fvwo_m,とーち,C,-530.6,20,358,25.14,358,19.27,358,10.71,112,65.22,23,61.11,18,28.89,45,61.54,13
20260413,2,SrJdWlcNBY,RYOTA,C,-1114.4,20,337,18.1,337,13.06,337,11.9,84,77.78,9,33.33,12,29.03,31,44.44,9
20260413,2,ZzPjBrJeSm,roi,C,-5133.4,20,330,25.45,330,19.39,330,17.5,120,46.15,13,66.67,30,57.63,59,38.24,34
20260413,2,WeOKnoOueQ,HINANO,B,+3090.4,20,329,27.96,329,22.8,329,24.73,93,68.18,22,71.43,28,44.23,52,60.87,23
20260413,2,69a63a1b-d32c-4594-bdef-5fd660661444,sultan.,C,-1222.8,20,322,22.67,322,18.01,322,10.64,94,50.0,10,73.91,23,43.9,41,50.0,18
20260413,2,g0yui9LXM4,utos,B,-6032.8,20,322,31.68,322,24.53,322,19.19,99,57.14,14,48.0,25,35.85,53,31.58,19
20260413,2,bqEtnO6wX9,つー,C,+3702.2,20,285,24.91,285,17.19,285,10.0,100,18.18,11,53.33,15,44.19,43,52.63,19
20260413,2,wO4Vw2dQ8t,イナズマKすけ,C,-564.4,20,276,22.1,276,18.84,276,18.18,77,75.0,12,17.65,17,48.28,29,57.14,14
20260413,2,mXg0a8r7as,Fuku,B,-958,20,266,22.93,266,17.29,266,26.67,60,50.0,6,42.86,14,26.67,30,50.0,8
20260413,2,WjqaCs8A5o,ばどえあー,B,-291.2,20,251,20.32,251,15.14,251,7.23,83,66.67,6,35.29,17,29.03,31,66.67,9
20260413,2,TkMT4agdsh,alfort,C,-2584.4,20,239,25.1,239,20.08,239,20.0,70,22.22,9,60.0,20,48.65,37,50.0,18
20260413,2,cS0TbNKfbn,Takatobi,C,+3501.2,20,225,27.56,225,23.56,225,22.41,58,69.23,13,52.63,19,41.94,31,53.85,13
20260413,2,6weTfFBYpF,ほたるいか,C,+927.6,20,174,17.82,174,14.94,174,19.44,36,71.43,7,61.54,13,38.89,18,71.43,7
20260413,2,4d81b2a2-661e-469e-aa93-f16655f79215,N_ene,C,-1652,20,159,44.65,159,39.62,159,40.48,42,72.22,18,47.62,21,54.05,37,50.0,20
20260413,2,7n59-giX1P,るも,C,+2310.4,20,155,22.58,155,20.65,155,20.45,44,100.0,5,36.36,11,21.43,14,66.67,3
20260413,2,30a66b4c-40ef-4b06-997f-d6699c7f4abf,reene,C,+3722,20,137,38.69,137,35.04,137,31.91,47,36.36,11,75.0,20,28.57,28,50.0,8
20260413,2,nBDoNSY8n2,MIU,C,+308.8,20,113,20.35,113,15.04,113,13.89,36,0.0,2,71.43,7,40.0,15,33.33,6
20260413,2,kVKTrcl3ld,Futa,B,-1758.8,20,75,26.67,75,21.33,75,8.33,24,33.33,3,33.33,6,41.67,12,0.0,5
20260413,2,yOGROR9-hE,ワイエム,C,+156.6,20,74,45.95,74,12.16,74,3.85,26,25.0,4,0.0,2,53.57,28,40.0,15
20260413,2,t7MdS6sSCT,satoru,C,-152.2,20,57,28.07,57,19.3,57,15.38,13,0.0,1,60.0,5,36.36,11,50.0,4
20260413,2,s_7Utr4tDi,それいゆ るな,C,+192,20,47,36.17,47,19.15,47,9.09,11,100.0,1,0.0,3,20.0,10,50.0,2
20260413,2,Oc04ITRF7i,waho,C,-1374,20,27,18.52,27,11.11,27,16.67,6,100.0,1,100.0,2,0.0,4,0.0,0
20260413,2,XaClitYV1x,らねおか,B,+375.4,20,21,19.05,21,19.05,21,0.0,2,0.0,0,50.0,2,100.0,2,100.0,2
20260413,2,EN9N_Z9A78,ぼくだよ,C,-401.8,20,12,41.67,12,33.33,12,25.0,4,0.0,0,0.0,0,0.0,2,0.0,0
20260413,2,O1ujh7Dkxd,shunta,C,-100,20,7,14.29,7,0.0,7,0.0,5,0.0,0,0.0,0,0.0,1,0.0,0
20260420,2,b40c0fb4-0d63-4842-b999-25a9cffc7b79,揚げもっちー２,C,-5432.8,20,540,20.37,540,16.48,540,16.56,151,61.9,21,53.57,28,26.79,56,33.33,15
20260420,2,X2HiN5-cFQ,ゴン02（江戸犬）,C,+6991.6,20,527,17.46,527,14.61,527,10.59,170,56.0,25,64.29,28,39.62,53,66.67,21
20260420,2,byYrvu0Qdy,ElNino,B,-2092.6,20,509,22.59,509,19.25,509,16.79,131,52.17,23,68.57,35,42.37,59,44.0,25
20260420,2,Sc5KlYAPzP,mo’,C,+1116.8,20,448,22.54,448,18.3,448,16.53,121,46.67,15,44.83,29,28.85,52,26.67,15
20260420,2,r1CBe6Qe79,なんでやねん,B,+3129.4,20,448,23.88,448,18.75,448,11.61,112,86.36,22,53.33,30,38.18,55,61.9,21
20260420,2,DZezvMNAJy,Noram,B,-4949.4,20,436,26.15,436,19.27,436,14.29,105,52.38,21,41.94,31,28.17,71,40.0,20
20260420,2,k5rEzFp2MR,arash!,B,+1557.4,20,355,24.51,355,20.56,355,13.41,82,55.56,18,53.57,28,32.61,46,40.0,15
20260420,2,DXrWVNkdav,TNT,B,+441.6,20,352,34.66,352,25.57,352,26.88,93,40.0,15,62.5,32,49.3,71,57.14,35
20260420,2,vdNIJNJGUU,すとふぁ,C,+7026.6,20,351,23.65,351,19.37,351,23.08,78,75.0,8,50.0,28,41.3,46,42.11,19
20260420,2,bqEtnO6wX9,つー,C,+3368.8,20,350,22.57,350,17.14,350,6.86,102,60.0,15,56.25,16,35.0,40,50.0,14
20260420,2,Oo-rx1G24B,GIL RAIM,C,-1779.8,20,345,26.67,345,15.65,345,11.22,98,25.0,8,38.89,18,37.1,62,60.87,23
20260420,2,WtIP2AbI23,ノガード,C,+2954.4,20,334,21.86,334,19.16,334,8.04,112,66.67,18,38.89,18,28.57,28,62.5,8
20260420,2,hig4fvwo_m,とーち,C,-3976.4,20,332,24.7,332,19.28,332,16.16,99,75.0,12,59.09,22,31.82,44,50.0,14
20260420,2,j_3joKfzS9,takatony,B,+200.4,20,321,21.81,321,17.13,321,11.22,98,66.67,15,64.71,17,50.0,36,38.89,18
20260420,2,b7sgMo_M-5,konasho,B,+1358.2,20,292,22.26,292,17.47,292,12.5,104,87.5,8,61.11,18,30.3,33,70.0,10
20260420,2,4d81b2a2-661e-469e-aa93-f16655f79215,N_ene,C,-6531.4,20,256,44.92,256,39.06,256,25.93,81,60.0,20,72.97,37,45.61,57,42.31,26
20260420,2,5c5ab738-0853-445d-8cfa-e5489e42a203,jin,C,-3380.2,20,228,32.02,228,25.44,228,34.09,44,15.38,13,66.67,18,40.0,40,31.25,16
20260420,2,nPiUhQEVMi,かいる,B,-1180,20,225,28.89,225,18.67,225,10.81,74,75.0,4,57.89,19,18.6,43,50.0,8
20260420,2,g0yui9LXM4,utos,B,+3278.6,20,218,26.61,218,20.18,218,17.11,76,40.0,10,69.23,13,46.67,30,42.86,14
20260420,2,4kHSZklLpK,teish,C,-1870.2,20,175,16.57,175,13.14,175,9.62,52,33.33,3,20.0,5,63.64,11,42.86,7
20260420,2,rhUBwDuHCf,konishi,B,-5024.8,20,168,18.45,168,14.29,168,9.76,41,25.0,8,80.0,5,62.5,16,20.0,10
20260420,2,UHNPbgw1ue,okbokujo,C,+1484.4,20,167,25.15,167,16.77,167,14.86,74,60.0,5,71.43,7,18.18,22,75.0,4
20260420,2,WjqaCs8A5o,ばどえあー,B,-2517.2,20,151,21.19,151,16.56,151,9.3,43,100.0,8,50.0,12,15.79,19,66.67,3
20260420,2,ZzPjBrJeSm,roi,C,-1851.6,20,142,19.01,142,11.27,142,8.62,58,66.67,3,60.0,5,43.75,16,42.86,7
20260420,2,mXg0a8r7as,Fuku,B,-921.4,20,136,29.41,136,22.06,136,31.03,29,66.67,3,66.67,12,33.33,24,62.5,8
20260420,2,iBhJbKViQ_,おかピー,C,+1381.2,20,121,23.97,121,19.83,121,8.82,34,33.33,6,36.36,11,23.53,17,50.0,4
20260420,2,yOGROR9-hE,ワイエム,C,-2491.8,20,99,53.54,99,17.17,99,2.56,39,0.0,6,0.0,4,50.0,46,43.48,23
20260420,2,cS0TbNKfbn,Takatobi,C,+39.8,20,91,20.88,91,15.38,91,15.79,19,50.0,4,50.0,6,50.0,12,66.67,6
20260420,2,WeOKnoOueQ,HINANO,B,+704,20,84,26.19,84,17.86,84,14.29,21,100.0,5,50.0,4,27.27,11,66.67,3
20260420,2,wO4Vw2dQ8t,イナズマKすけ,C,-2814.8,20,66,16.67,66,15.15,66,9.09,22,0.0,0,80.0,5,50.0,6,33.33,3
20260420,2,GtqOGZOqIV,粗茶,C,+69.2,20,46,32.61,46,21.74,46,10.0,20,0.0,0,40.0,5,40.0,10,50.0,4
20260420,2,yHZrsG6l5j,sigma,C,+292.4,20,35,28.57,35,25.71,35,16.67,12,100.0,1,100.0,3,50.0,4,100.0,2
20260420,2,EI0h9NvLRP,いっせ,B,+63.2,20,19,15.79,19,15.79,19,0.0,5,100.0,1,100.0,1,0.0,1,0.0,0
20260420,2,TkMT4agdsh,alfort,C,+2.6,20,18,16.67,18,16.67,18,12.5,8,0.0,0,50.0,2,33.33,3,100.0,1
20260420,2,QBTw2JRIw5,Ramune,B,+10.2,20,13,23.08,13,15.38,13,0.0,4,0.0,0,100.0,2,0.0,3,0.0,0
